time,Ball1X,Ball1Y,Ball1VX,Ball1VY,Ball2X,Ball2Y,Ball2VX,Ball2VY
0,0.2,0,19.9259,0.0832985,60,0,-20,0
0,0.2,0,19.9259,0.0832985,59.8,0,-19.9259,0.0832985
0.01,0.399259,0,19.8524,0.0124963,59.8,0,-19.9259,0.0832985
0.01,0.399259,0,19.8524,0.0124963,59.6007,0,-19.8524,0.0124963
0.02,0.597783,0,19.7794,0.072677,59.6007,0,-19.8524,0.0124963
0.02,0.597783,0,19.7794,0.072677,59.4022,0,-19.7794,0.072677
0.03,0.795577,0,19.7069,0.0215244,59.4022,0,-19.7794,0.072677
0.03,0.795577,0,19.7069,0.0215244,59.2044,0,-19.7069,0.0215244
0.04,0.992646,0,19.635,0.0650033,59.2044,0,-19.7069,0.0215244
0.04,0.992646,0,19.635,0.0650033,59.0074,0,-19.635,0.0650033
0.05,1.189,0,19.5636,0.028047,59.0074,0,-19.635,0.0650033
0.05,1.189,0,19.5636,0.028047,58.811,0,-19.5636,0.028047
0.06,1.38463,0,19.4927,0.0594593,58.811,0,-19.5636,0.028047
0.06,1.38463,0,19.4927,0.0594593,58.6154,0,-19.4927,0.0594593
0.07,1.57956,0,19.4223,0.0327594,58.6154,0,-19.4927,0.0594593
0.07,1.57956,0,19.4223,0.0327594,58.4204,0,-19.4223,0.0327594
0.08,1.77378,0,19.3525,0.0554539,58.4204,0,-19.4223,0.0327594
0.08,1.77378,0,19.3525,0.0554539,58.2262,0,-19.3525,0.0554539
0.09,1.96731,0,19.2831,0.0361639,58.2262,0,-19.3525,0.0554539
0.09,1.96731,0,19.2831,0.0361639,58.0327,0,-19.2831,0.0361639
0.1,2.16014,0,19.2142,0.0525601,58.0327,0,-19.2831,0.0361639
0.1,2.16014,0,19.2142,0.0525601,57.8399,0,-19.2142,0.0525601
0.11,2.35228,0,19.1458,0.0386236,57.8399,0,-19.2142,0.0525601
0.11,2.35228,0,19.1458,0.0386236,57.6477,0,-19.1458,0.0386236
0.12,2.54374,0,19.078,0.0504694,57.6477,0,-19.1458,0.0386236
0.12,2.54374,0,19.078,0.0504694,57.4563,0,-19.078,0.0504694
0.13,2.73452,0,19.0105,0.0404007,57.4563,0,-19.078,0.0504694
0.13,2.73452,0,19.0105,0.0404007,57.2655,0,-19.0105,0.0404007
0.14,2.92462,0,18.9436,0.0489589,57.2655,0,-19.0105,0.0404007
0.14,2.92462,0,18.9436,0.0489589,57.0754,0,-18.9436,0.0489589
0.15,3.11406,0,18.8771,0.0416846,57.0754,0,-18.9436,0.0489589
0.15,3.11406,0,18.8771,0.0416846,56.8859,0,-18.8771,0.0416846
0.16,3.30283,0,18.8111,0.0478676,56.8859,0,-18.8771,0.0416846
0.16,3.30283,0,18.8111,0.0478676,56.6972,0,-18.8111,0.0478676
0.17,3.49094,0,18.7456,0.0426121,56.6972,0,-18.8111,0.0478676
0.17,3.49094,0,18.7456,0.0426121,56.5091,0,-18.7456,0.0426121
0.18,3.6784,0,18.6805,0.0470792,56.5091,0,-18.7456,0.0426121
0.18,3.6784,0,18.6805,0.0470792,56.3216,0,-18.6805,0.0470792
0.19,3.8652,0,18.6159,0.0432823,56.3216,0,-18.6805,0.0470792
0.19,3.8652,0,18.6159,0.0432823,56.1348,0,-18.6159,0.0432823
0.2,4.05136,0,18.5517,0.0465096,56.1348,0,-18.6159,0.0432823
0.2,4.05136,0,18.5517,0.0465096,55.9486,0,-18.5517,0.0465096
0.21,4.23688,0,18.488,0.0437664,55.9486,0,-18.5517,0.0465096
0.21,4.23688,0,18.488,0.0437664,55.7631,0,-18.488,0.0437664
0.22,4.42176,0,18.4246,0.0460981,55.7631,0,-18.488,0.0437664
0.22,4.42176,0,18.4246,0.0460981,55.5782,0,-18.4246,0.0460981
0.23,4.60601,0,18.3618,0.0441162,55.5782,0,-18.4246,0.0460981
0.23,4.60601,0,18.3618,0.0441162,55.394,0,-18.3618,0.0441162
0.24,4.78962,0,18.2993,0.0458008,55.394,0,-18.3618,0.0441162
0.24,4.78962,0,18.2993,0.0458008,55.2104,0,-18.2993,0.0458008
0.25,4.97262,0,18.2373,0.0443689,55.2104,0,-18.2993,0.0458008
0.25,4.97262,0,18.2373,0.0443689,55.0274,0,-18.2373,0.0443689
0.26,5.15499,0,18.1757,0.045586,55.0274,0,-18.2373,0.0443689
0.26,5.15499,0,18.1757,0.045586,54.845,0,-18.1757,0.045586
0.27,5.33675,0,18.1145,0.0445515,54.845,0,-18.1757,0.045586
0.27,5.33675,0,18.1145,0.0445515,54.6633,0,-18.1145,0.0445515
0.28,5.51789,0,18.0537,0.0454308,54.6633,0,-18.1145,0.0445515
0.28,5.51789,0,18.0537,0.0454308,54.4821,0,-18.0537,0.0454308
0.29,5.69843,0,17.9934,0.0446834,54.4821,0,-18.0537,0.0454308
0.29,5.69843,0,17.9934,0.0446834,54.3016,0,-17.9934,0.0446834
0.3,5.87836,0,17.9334,0.0453187,54.3016,0,-17.9934,0.0446834
0.3,5.87836,0,17.9334,0.0453187,54.1216,0,-17.9334,0.0453187
0.31,6.0577,0,17.8738,0.0447787,54.1216,0,-17.9334,0.0453187
0.31,6.0577,0,17.8738,0.0447787,53.9423,0,-17.8738,0.0447787
0.32,6.23644,0,17.8147,0.0452377,53.9423,0,-17.8738,0.0447787
0.32,6.23644,0,17.8147,0.0452377,53.7636,0,-17.8147,0.0452377
0.33,6.41458,0,17.7559,0.0448476,53.7636,0,-17.8147,0.0452377
0.33,6.41458,0,17.7559,0.0448476,53.5854,0,-17.7559,0.0448476
0.34,6.59214,0,17.6975,0.0451791,53.5854,0,-17.7559,0.0448476
0.34,6.59214,0,17.6975,0.0451791,53.4079,0,-17.6975,0.0451791
0.35,6.76912,0,17.6395,0.0448973,53.4079,0,-17.6975,0.0451791
0.35,6.76912,0,17.6395,0.0448973,53.2309,0,-17.6395,0.0448973
0.36,6.94551,0,17.5819,0.0451369,53.2309,0,-17.6395,0.0448973
0.36,6.94551,0,17.5819,0.0451369,53.0545,0,-17.5819,0.0451369
0.37,7.12133,0,17.5246,0.0449332,53.0545,0,-17.5819,0.0451369
0.37,7.12133,0,17.5246,0.0449332,52.8787,0,-17.5246,0.0449332
0.38,7.29658,0,17.4677,0.0451063,52.8787,0,-17.5246,0.0449332
0.38,7.29658,0,17.4677,0.0451063,52.7034,0,-17.4677,0.0451063
0.39,7.47125,0,17.4112,0.0449592,52.7034,0,-17.4677,0.0451063
0.39,7.47125,0,17.4112,0.0449592,52.5287,0,-17.4112,0.0449592
0.4,7.64537,0,17.3551,0.0450842,52.5287,0,-17.4112,0.0449592
0.4,7.64537,0,17.3551,0.0450842,52.3546,0,-17.3551,0.0450842
0.41,7.81892,0,17.2993,0.044978,52.3546,0,-17.3551,0.0450842
0.41,7.81892,0,17.2993,0.044978,52.1811,0,-17.2993,0.044978
0.42,7.99191,0,17.2439,0.0450683,52.1811,0,-17.2993,0.044978
0.42,7.99191,0,17.2439,0.0450683,52.0081,0,-17.2439,0.0450683
0.43,8.16435,0,17.1888,0.0449915,52.0081,0,-17.2439,0.0450683
0.43,8.16435,0,17.1888,0.0449915,51.8357,0,-17.1888,0.0449915
0.44,8.33624,0,17.1341,0.0450568,51.8357,0,-17.1888,0.0449915
0.44,8.33624,0,17.1341,0.0450568,51.6638,0,-17.1341,0.0450568
0.45,8.50758,0,17.0797,0.0450013,51.6638,0,-17.1341,0.0450568
0.45,8.50758,0,17.0797,0.0450013,51.4924,0,-17.0797,0.0450013
0.46,8.67837,0,17.0257,0.0450485,51.4924,0,-17.0797,0.0450013
0.46,8.67837,0,17.0257,0.0450485,51.3216,0,-17.0257,0.0450485
0.47,8.84863,0,16.972,0.0450084,51.3216,0,-17.0257,0.0450485
0.47,8.84863,0,16.972,0.0450084,51.1514,0,-16.972,0.0450084
0.48,9.01835,0,16.9186,0.0450424,51.1514,0,-16.972,0.0450084
0.48,9.01835,0,16.9186,0.0450424,50.9817,0,-16.9186,0.0450424
0.49,9.18754,0,16.8656,0.0450135,50.9817,0,-16.9186,0.0450424
0.49,9.18754,0,16.8656,0.0450135,50.8125,0,-16.8656,0.0450135
0.5,9.35619,0,16.8129,0.0450381,50.8125,0,-16.8656,0.0450135
0.5,9.35619,0,16.8129,0.0450381,50.6438,0,-16.8129,0.0450381
0.51,9.52432,0,16.7606,0.0450172,50.6438,0,-16.8129,0.0450381
0.51,9.52432,0,16.7606,0.0450172,50.4757,0,-16.7606,0.0450172
0.52,9.69193,0,16.7085,0.045035,50.4757,0,-16.7606,0.0450172
0.52,9.69193,0,16.7085,0.045035,50.3081,0,-16.7085,0.045035
0.53,9.85901,0,16.6568,0.0450198,50.3081,0,-16.7085,0.045035
0.53,9.85901,0,16.6568,0.0450198,50.141,0,-16.6568,0.0450198
0.54,10.0256,0,16.6054,0.0450327,50.141,0,-16.6568,0.0450198
0.54,10.0256,0,16.6054,0.0450327,49.9744,0,-16.6054,0.0450327
0.55,10.1916,0,16.5544,0.0450218,49.9744,0,-16.6054,0.0450327
0.55,10.1916,0,16.5544,0.0450218,49.8084,0,-16.5544,0.0450218
0.56,10.3572,0,16.5036,0.0450311,49.8084,0,-16.5544,0.0450218
0.56,10.3572,0,16.5036,0.0450311,49.6428,0,-16.5036,0.0450311
0.57,10.5222,0,16.4532,0.0450232,49.6428,0,-16.5036,0.0450311
0.57,10.5222,0,16.4532,0.0450232,49.4778,0,-16.4532,0.0450232
0.58,10.6867,0,16.403,0.0450299,49.4778,0,-16.4532,0.0450232
0.58,10.6867,0,16.403,0.0450299,49.3133,0,-16.403,0.0450299
0.59,10.8508,0,16.3532,0.0450242,49.3133,0,-16.403,0.0450299
0.59,10.8508,0,16.3532,0.0450242,49.1492,0,-16.3532,0.0450242
0.6,11.0143,0,16.3037,0.045029,49.1492,0,-16.3532,0.0450242
0.6,11.0143,0,16.3037,0.045029,48.9857,0,-16.3037,0.045029
0.61,11.1773,0,16.2544,0.0450249,48.9857,0,-16.3037,0.045029
0.61,11.1773,0,16.2544,0.0450249,48.8227,0,-16.2544,0.0450249
0.62,11.3399,0,16.2055,0.0450284,48.8227,0,-16.2544,0.0450249
0.62,11.3399,0,16.2055,0.0450284,48.6601,0,-16.2055,0.0450284
0.63,11.5019,0,16.1569,0.0450254,48.6601,0,-16.2055,0.0450284
0.63,11.5019,0,16.1569,0.0450254,48.4981,0,-16.1569,0.0450254
0.64,11.6635,0,16.1085,0.045028,48.4981,0,-16.1569,0.0450254
0.64,11.6635,0,16.1085,0.045028,48.3365,0,-16.1085,0.045028
0.65,11.8246,0,16.0605,0.0450258,48.3365,0,-16.1085,0.045028
0.65,11.8246,0,16.0605,0.0450258,48.1754,0,-16.0605,0.0450258
0.66,11.9852,0,16.0127,0.0450276,48.1754,0,-16.0605,0.0450258
0.66,11.9852,0,16.0127,0.0450276,48.0148,0,-16.0127,0.0450276
0.67,12.1453,0,15.9652,0.0450261,48.0148,0,-16.0127,0.0450276
0.67,12.1453,0,15.9652,0.0450261,47.8547,0,-15.9652,0.0450261
0.68,12.305,0,15.918,0.0450274,47.8547,0,-15.9652,0.0450261
0.68,12.305,0,15.918,0.0450274,47.695,0,-15.918,0.0450274
0.69,12.4642,0,15.8711,0.0450263,47.695,0,-15.918,0.0450274
0.69,12.4642,0,15.8711,0.0450263,47.5358,0,-15.8711,0.0450263
0.7,12.6229,0,15.8244,0.0450272,47.5358,0,-15.8711,0.0450263
0.7,12.6229,0,15.8244,0.0450272,47.3771,0,-15.8244,0.0450272
0.71,12.7811,0,15.778,0.0450264,47.3771,0,-15.8244,0.0450272
0.71,12.7811,0,15.778,0.0450264,47.2189,0,-15.778,0.0450264
0.72,12.9389,0,15.7319,0.0450271,47.2189,0,-15.778,0.0450264
0.72,12.9389,0,15.7319,0.0450271,47.0611,0,-15.7319,0.0450271
0.73,13.0962,0,15.6861,0.0450265,47.0611,0,-15.7319,0.0450271
0.73,13.0962,0,15.6861,0.0450265,46.9038,0,-15.6861,0.0450265
0.74,13.2531,0,15.6405,0.045027,46.9038,0,-15.6861,0.0450265
0.74,13.2531,0,15.6405,0.045027,46.7469,0,-15.6405,0.045027
0.75,13.4095,0,15.5952,0.0450266,46.7469,0,-15.6405,0.045027
0.75,13.4095,0,15.5952,0.0450266,46.5905,0,-15.5952,0.0450266
0.76,13.5654,0,15.5501,0.045027,46.5905,0,-15.5952,0.0450266
0.76,13.5654,0,15.5501,0.045027,46.4346,0,-15.5501,0.045027
0.77,13.7209,0,15.5054,0.0450266,46.4346,0,-15.5501,0.045027
0.77,13.7209,0,15.5054,0.0450266,46.2791,0,-15.5054,0.0450266
0.78,13.876,0,15.4608,0.0450269,46.2791,0,-15.5054,0.0450266
0.78,13.876,0,15.4608,0.0450269,46.124,0,-15.4608,0.0450269
0.79,14.0306,0,15.4166,0.0450267,46.124,0,-15.4608,0.0450269
0.79,14.0306,0,15.4166,0.0450267,45.9694,0,-15.4166,0.0450267
0.8,14.1848,0,15.3725,0.0450269,45.9694,0,-15.4166,0.0450267
0.8,14.1848,0,15.3725,0.0450269,45.8152,0,-15.3725,0.0450269
0.81,14.3385,0,15.3288,0.0450267,45.8152,0,-15.3725,0.0450269
0.81,14.3385,0,15.3288,0.0450267,45.6615,0,-15.3288,0.0450267
0.82,14.4918,0,15.2853,0.0450269,45.6615,0,-15.3288,0.0450267
0.82,14.4918,0,15.2853,0.0450269,45.5082,0,-15.2853,0.0450269
0.83,14.6446,0,15.242,0.0450267,45.5082,0,-15.2853,0.0450269
0.83,14.6446,0,15.242,0.0450267,45.3554,0,-15.242,0.0450267
0.84,14.797,0,15.1989,0.0450268,45.3554,0,-15.242,0.0450267
0.84,14.797,0,15.1989,0.0450268,45.203,0,-15.1989,0.0450268
0.85,14.949,0,15.1562,0.0450267,45.203,0,-15.1989,0.0450268
0.85,14.949,0,15.1562,0.0450267,45.051,0,-15.1562,0.0450267
0.86,15.1006,0,15.1136,0.0450268,45.051,0,-15.1562,0.0450267
0.86,15.1006,0,15.1136,0.0450268,44.8994,0,-15.1136,0.0450268
0.87,15.2517,0,15.0713,0.0450268,44.8994,0,-15.1136,0.0450268
0.87,15.2517,0,15.0713,0.0450268,44.7483,0,-15.0713,0.0450268
0.88,15.4024,0,15.0292,0.0450268,44.7483,0,-15.0713,0.0450268
0.88,15.4024,0,15.0292,0.0450268,44.5976,0,-15.0292,0.0450268
0.89,15.5527,0,14.9874,0.0450268,44.5976,0,-15.0292,0.0450268
0.89,15.5527,0,14.9874,0.0450268,44.4473,0,-14.9874,0.0450268
0.9,15.7026,0,14.9458,0.0450268,44.4473,0,-14.9874,0.0450268
0.9,15.7026,0,14.9458,0.0450268,44.2974,0,-14.9458,0.0450268
0.91,15.8521,0,14.9044,0.0450268,44.2974,0,-14.9458,0.0450268
0.91,15.8521,0,14.9044,0.0450268,44.1479,0,-14.9044,0.0450268
0.92,16.0011,0,14.8633,0.0450268,44.1479,0,-14.9044,0.0450268
0.92,16.0011,0,14.8633,0.0450268,43.9989,0,-14.8633,0.0450268
0.93,16.1497,0,14.8224,0.0450268,43.9989,0,-14.8633,0.0450268
0.93,16.1497,0,14.8224,0.0450268,43.8503,0,-14.8224,0.0450268
0.94,16.298,0,14.7817,0.0450268,43.8503,0,-14.8224,0.0450268
0.94,16.298,0,14.7817,0.0450268,43.702,0,-14.7817,0.0450268
0.95,16.4458,0,14.7412,0.0450268,43.702,0,-14.7817,0.0450268
0.95,16.4458,0,14.7412,0.0450268,43.5542,0,-14.7412,0.0450268
0.96,16.5932,0,14.701,0.0450268,43.5542,0,-14.7412,0.0450268
0.96,16.5932,0,14.701,0.0450268,43.4068,0,-14.701,0.0450268
0.97,16.7402,0,14.6609,0.0450268,43.4068,0,-14.701,0.0450268
0.97,16.7402,0,14.6609,0.0450268,43.2598,0,-14.6609,0.0450268
0.98,16.8868,0,14.6211,0.0450268,43.2598,0,-14.6609,0.0450268
0.98,16.8868,0,14.6211,0.0450268,43.1132,0,-14.6211,0.0450268
0.99,17.033,0,14.5815,0.0450268,43.1132,0,-14.6211,0.0450268
0.99,17.033,0,14.5815,0.0450268,42.967,0,-14.5815,0.0450268
1,17.1788,0,14.5422,0.0450268,42.967,0,-14.5815,0.0450268
1,17.1788,0,14.5422,0.0450268,42.8212,0,-14.5422,0.0450268
1.01,17.3243,0,14.503,0.0450268,42.8212,0,-14.5422,0.0450268
1.01,17.3243,0,14.503,0.0450268,42.6757,0,-14.503,0.0450268
1.02,17.4693,0,14.464,0.0450268,42.6757,0,-14.503,0.0450268
1.02,17.4693,0,14.464,0.0450268,42.5307,0,-14.464,0.0450268
1.03,17.6139,0,14.4253,0.0450268,42.5307,0,-14.464,0.0450268
1.03,17.6139,0,14.4253,0.0450268,42.3861,0,-14.4253,0.0450268
1.04,17.7582,0,14.3867,0.0450268,42.3861,0,-14.4253,0.0450268
1.04,17.7582,0,14.3867,0.0450268,42.2418,0,-14.3867,0.0450268
1.05,17.9021,0,14.3484,0.0450268,42.2418,0,-14.3867,0.0450268
1.05,17.9021,0,14.3484,0.0450268,42.0979,0,-14.3484,0.0450268
1.06,18.0455,0,14.3103,0.0450268,42.0979,0,-14.3484,0.0450268
1.06,18.0455,0,14.3103,0.0450268,41.9545,0,-14.3103,0.0450268
1.07,18.1886,0,14.2723,0.0450268,41.9545,0,-14.3103,0.0450268
1.07,18.1886,0,14.2723,0.0450268,41.8114,0,-14.2723,0.0450268
1.08,18.3314,0,14.2346,0.0450268,41.8114,0,-14.2723,0.0450268
1.08,18.3314,0,14.2346,0.0450268,41.6686,0,-14.2346,0.0450268
1.09,18.4737,0,14.1971,0.0450268,41.6686,0,-14.2346,0.0450268
1.09,18.4737,0,14.1971,0.0450268,41.5263,0,-14.1971,0.0450268
1.1,18.6157,0,14.1598,0.0450268,41.5263,0,-14.1971,0.0450268
1.1,18.6157,0,14.1598,0.0450268,41.3843,0,-14.1598,0.0450268
1.11,18.7573,0,14.1226,0.0450268,41.3843,0,-14.1598,0.0450268
1.11,18.7573,0,14.1226,0.0450268,41.2427,0,-14.1226,0.0450268
1.12,18.8985,0,14.0857,0.0450268,41.2427,0,-14.1226,0.0450268
1.12,18.8985,0,14.0857,0.0450268,41.1015,0,-14.0857,0.0450268
1.13,19.0394,0,14.0489,0.0450268,41.1015,0,-14.0857,0.0450268
1.13,19.0394,0,14.0489,0.0450268,40.9606,0,-14.0489,0.0450268
1.14,19.1799,0,14.0124,0.0450268,40.9606,0,-14.0489,0.0450268
1.14,19.1799,0,14.0124,0.0450268,40.8201,0,-14.0124,0.0450268
1.15,19.32,0,13.976,0.0450268,40.8201,0,-14.0124,0.0450268
1.15,19.32,0,13.976,0.0450268,40.68,0,-13.976,0.0450268
1.16,19.4597,0,13.9398,0.0450268,40.68,0,-13.976,0.0450268
1.16,19.4597,0,13.9398,0.0450268,40.5403,0,-13.9398,0.0450268
1.17,19.5991,0,13.9038,0.0450268,40.5403,0,-13.9398,0.0450268
1.17,19.5991,0,13.9038,0.0450268,40.4009,0,-13.9038,0.0450268
1.18,19.7382,0,13.868,0.0450268,40.4009,0,-13.9038,0.0450268
1.18,19.7382,0,13.868,0.0450268,40.2618,0,-13.868,0.0450268
1.19,19.8769,0,13.8324,0.0450268,40.2618,0,-13.868,0.0450268
1.19,19.8769,0,13.8324,0.0450268,40.1231,0,-13.8324,0.0450268
1.2,20.0152,0,13.797,0.0450268,40.1231,0,-13.8324,0.0450268
1.2,20.0152,0,13.797,0.0450268,39.9848,0,-13.797,0.0450268
1.21,20.1532,0,13.7617,0.0450268,39.9848,0,-13.797,0.0450268
1.21,20.1532,0,13.7617,0.0450268,39.8468,0,-13.7617,0.0450268
1.22,20.2908,0,13.7266,0.0450268,39.8468,0,-13.7617,0.0450268
1.22,20.2908,0,13.7266,0.0450268,39.7092,0,-13.7266,0.0450268
1.23,20.428,0,13.6917,0.0450268,39.7092,0,-13.7266,0.0450268
1.23,20.428,0,13.6917,0.0450268,39.572,0,-13.6917,0.0450268
1.24,20.565,0,13.657,0.0450268,39.572,0,-13.6917,0.0450268
1.24,20.565,0,13.657,0.0450268,39.435,0,-13.657,0.0450268
1.25,20.7015,0,13.6225,0.0450268,39.435,0,-13.657,0.0450268
1.25,20.7015,0,13.6225,0.0450268,39.2985,0,-13.6225,0.0450268
1.26,20.8377,0,13.5881,0.0450268,39.2985,0,-13.6225,0.0450268
1.26,20.8377,0,13.5881,0.0450268,39.1623,0,-13.5881,0.0450268
1.27,20.9736,0,13.5539,0.0450268,39.1623,0,-13.5881,0.0450268
1.27,20.9736,0,13.5539,0.0450268,39.0264,0,-13.5539,0.0450268
1.28,21.1092,0,13.5199,0.0450268,39.0264,0,-13.5539,0.0450268
1.28,21.1092,0,13.5199,0.0450268,38.8908,0,-13.5199,0.0450268
1.29,21.2444,0,13.486,0.0450268,38.8908,0,-13.5199,0.0450268
1.29,21.2444,0,13.486,0.0450268,38.7556,0,-13.486,0.0450268
1.3,21.3792,0,13.4524,0.0450268,38.7556,0,-13.486,0.0450268
1.3,21.3792,0,13.4524,0.0450268,38.6208,0,-13.4524,0.0450268
1.31,21.5137,0,13.4188,0.0450268,38.6208,0,-13.4524,0.0450268
1.31,21.5137,0,13.4188,0.0450268,38.4863,0,-13.4188,0.0450268
1.32,21.6479,0,13.3855,0.0450268,38.4863,0,-13.4188,0.0450268
1.32,21.6479,0,13.3855,0.0450268,38.3521,0,-13.3855,0.0450268
1.33,21.7818,0,13.3523,0.0450268,38.3521,0,-13.3855,0.0450268
1.33,21.7818,0,13.3523,0.0450268,38.2182,0,-13.3523,0.0450268
1.34,21.9153,0,13.3193,0.0450268,38.2182,0,-13.3523,0.0450268
1.34,21.9153,0,13.3193,0.0450268,38.0847,0,-13.3193,0.0450268
1.35,22.0485,0,13.2864,0.0450268,38.0847,0,-13.3193,0.0450268
1.35,22.0485,0,13.2864,0.0450268,37.9515,0,-13.2864,0.0450268
1.36,22.1814,0,13.2537,0.0450268,37.9515,0,-13.2864,0.0450268
1.36,22.1814,0,13.2537,0.0450268,37.8186,0,-13.2537,0.0450268
1.37,22.3139,0,13.2212,0.0450268,37.8186,0,-13.2537,0.0450268
1.37,22.3139,0,13.2212,0.0450268,37.6861,0,-13.2212,0.0450268
1.38,22.4461,0,13.1888,0.0450268,37.6861,0,-13.2212,0.0450268
1.38,22.4461,0,13.1888,0.0450268,37.5539,0,-13.1888,0.0450268
1.39,22.578,0,13.1566,0.0450268,37.5539,0,-13.1888,0.0450268
1.39,22.578,0,13.1566,0.0450268,37.422,0,-13.1566,0.0450268
1.4,22.7096,0,13.1245,0.0450268,37.422,0,-13.1566,0.0450268
1.4,22.7096,0,13.1245,0.0450268,37.2904,0,-13.1245,0.0450268
1.41,22.8408,0,13.0926,0.0450268,37.2904,0,-13.1245,0.0450268
1.41,22.8408,0,13.0926,0.0450268,37.1592,0,-13.0926,0.0450268
1.42,22.9717,0,13.0609,0.0450268,37.1592,0,-13.0926,0.0450268
1.42,22.9717,0,13.0609,0.0450268,37.0283,0,-13.0609,0.0450268
1.43,23.1024,0,13.0293,0.0450268,37.0283,0,-13.0609,0.0450268
1.43,23.1024,0,13.0293,0.0450268,36.8976,0,-13.0293,0.0450268
1.44,23.2326,0,12.9978,0.0450268,36.8976,0,-13.0293,0.0450268
1.44,23.2326,0,12.9978,0.0450268,36.7674,0,-12.9978,0.0450268
1.45,23.3626,0,12.9666,0.0450268,36.7674,0,-12.9978,0.0450268
1.45,23.3626,0,12.9666,0.0450268,36.6374,0,-12.9666,0.0450268
1.46,23.4923,0,12.9354,0.0450268,36.6374,0,-12.9666,0.0450268
1.46,23.4923,0,12.9354,0.0450268,36.5077,0,-12.9354,0.0450268
1.47,23.6216,0,12.9044,0.0450268,36.5077,0,-12.9354,0.0450268
1.47,23.6216,0,12.9044,0.0450268,36.3784,0,-12.9044,0.0450268
1.48,23.7507,0,12.8736,0.0450268,36.3784,0,-12.9044,0.0450268
1.48,23.7507,0,12.8736,0.0450268,36.2493,0,-12.8736,0.0450268
1.49,23.8794,0,12.8429,0.0450268,36.2493,0,-12.8736,0.0450268
1.49,23.8794,0,12.8429,0.0450268,36.1206,0,-12.8429,0.0450268
1.5,24.0079,0,12.8123,0.0450268,36.1206,0,-12.8429,0.0450268
1.5,24.0079,0,12.8123,0.0450268,35.9921,0,-12.8123,0.0450268
1.51,24.136,0,12.7819,0.0450268,35.9921,0,-12.8123,0.0450268
1.51,24.136,0,12.7819,0.0450268,35.864,0,-12.7819,0.0450268
1.52,24.2638,0,12.7517,0.0450268,35.864,0,-12.7819,0.0450268
1.52,24.2638,0,12.7517,0.0450268,35.7362,0,-12.7517,0.0450268
1.53,24.3913,0,12.7216,0.0450268,35.7362,0,-12.7517,0.0450268
1.53,24.3913,0,12.7216,0.0450268,35.6087,0,-12.7216,0.0450268
1.54,24.5185,0,12.6916,0.0450268,35.6087,0,-12.7216,0.0450268
1.54,24.5185,0,12.6916,0.0450268,35.4815,0,-12.6916,0.0450268
1.55,24.6454,0,12.6618,0.0450268,35.4815,0,-12.6916,0.0450268
1.55,24.6454,0,12.6618,0.0450268,35.3546,0,-12.6618,0.0450268
1.56,24.7721,0,12.6321,0.0450268,35.3546,0,-12.6618,0.0450268
1.56,24.7721,0,12.6321,0.0450268,35.2279,0,-12.6321,0.0450268
1.57,24.8984,0,12.6025,0.0450268,35.2279,0,-12.6321,0.0450268
1.57,24.8984,0,12.6025,0.0450268,35.1016,0,-12.6025,0.0450268
1.58,25.0244,0,12.5731,0.0450268,35.1016,0,-12.6025,0.0450268
1.58,25.0244,0,12.5731,0.0450268,34.9756,0,-12.5731,0.0450268
1.59,25.1501,0,12.5438,0.0450268,34.9756,0,-12.5731,0.0450268
1.59,25.1501,0,12.5438,0.0450268,34.8499,0,-12.5438,0.0450268
1.6,25.2756,0,12.5147,0.0450268,34.8499,0,-12.5438,0.0450268
1.6,25.2756,0,12.5147,0.0450268,34.7244,0,-12.5147,0.0450268
1.61,25.4007,0,12.4857,0.0450268,34.7244,0,-12.5147,0.0450268
1.61,25.4007,0,12.4857,0.0450268,34.5993,0,-12.4857,0.0450268
1.62,25.5256,0,12.4568,0.0450268,34.5993,0,-12.4857,0.0450268
1.62,25.5256,0,12.4568,0.0450268,34.4744,0,-12.4568,0.0450268
1.63,25.6502,0,12.428,0.0450268,34.4744,0,-12.4568,0.0450268
1.63,25.6502,0,12.428,0.0450268,34.3498,0,-12.428,0.0450268
1.64,25.7744,0,12.3994,0.0450268,34.3498,0,-12.428,0.0450268
1.64,25.7744,0,12.3994,0.0450268,34.2256,0,-12.3994,0.0450268
1.65,25.8984,0,12.371,0.0450268,34.2256,0,-12.3994,0.0450268
1.65,25.8984,0,12.371,0.0450268,34.1016,0,-12.371,0.0450268
1.66,26.0221,0,12.3426,0.0450268,34.1016,0,-12.371,0.0450268
1.66,26.0221,0,12.3426,0.0450268,33.9779,0,-12.3426,0.0450268
1.67,26.1456,0,12.3144,0.0450268,33.9779,0,-12.3426,0.0450268
1.67,26.1456,0,12.3144,0.0450268,33.8544,0,-12.3144,0.0450268
1.68,26.2687,0,12.2863,0.0450268,33.8544,0,-12.3144,0.0450268
1.68,26.2687,0,12.2863,0.0450268,33.7313,0,-12.2863,0.0450268
1.69,26.3916,0,12.2584,0.0450268,33.7313,0,-12.2863,0.0450268
1.69,26.3916,0,12.2584,0.0450268,33.6084,0,-12.2584,0.0450268
1.7,26.5142,0,12.2305,0.0450268,33.6084,0,-12.2584,0.0450268
1.7,26.5142,0,12.2305,0.0450268,33.4858,0,-12.2305,0.0450268
1.71,26.6365,0,12.2028,0.0450268,33.4858,0,-12.2305,0.0450268
1.71,26.6365,0,12.2028,0.0450268,33.3635,0,-12.2028,0.0450268
1.72,26.7585,0,12.1752,0.0450268,33.3635,0,-12.2028,0.0450268
1.72,26.7585,0,12.1752,0.0450268,33.2415,0,-12.1752,0.0450268
1.73,26.8802,0,12.1478,0.0450268,33.2415,0,-12.1752,0.0450268
1.73,26.8802,0,12.1478,0.0450268,33.1198,0,-12.1478,0.0450268
1.74,27.0017,0,12.1205,0.0450268,33.1198,0,-12.1478,0.0450268
1.74,27.0017,0,12.1205,0.0450268,32.9983,0,-12.1205,0.0450268
1.75,27.1229,0,12.0932,0.0450268,32.9983,0,-12.1205,0.0450268
1.75,27.1229,0,12.0932,0.0450268,32.8771,0,-12.0932,0.0450268
1.76,27.2439,0,12.0662,0.0450268,32.8771,0,-12.0932,0.0450268
1.76,27.2439,0,12.0662,0.0450268,32.7561,0,-12.0662,0.0450268
1.77,27.3645,0,12.0392,0.0450268,32.7561,0,-12.0662,0.0450268
1.77,27.3645,0,12.0392,0.0450268,32.6355,0,-12.0392,0.0450268
1.78,27.4849,0,12.0123,0.0450268,32.6355,0,-12.0392,0.0450268
1.78,27.4849,0,12.0123,0.0450268,32.5151,0,-12.0123,0.0450268
1.79,27.605,0,11.9856,0.0450268,32.5151,0,-12.0123,0.0450268
1.79,27.605,0,11.9856,0.0450268,32.395,0,-11.9856,0.0450268
1.8,27.7249,0,11.959,0.0450268,32.395,0,-11.9856,0.0450268
1.8,27.7249,0,11.959,0.0450268,32.2751,0,-11.959,0.0450268
1.81,27.8445,0,11.9325,0.0450268,32.2751,0,-11.959,0.0450268
1.81,27.8445,0,11.9325,0.0450268,32.1555,0,-11.9325,0.0450268
1.82,27.9638,0,11.9062,0.0450268,32.1555,0,-11.9325,0.0450268
1.82,27.9638,0,11.9062,0.0450268,32.0362,0,-11.9062,0.0450268
1.83,28.0829,0,11.8799,0.0450268,32.0362,0,-11.9062,0.0450268
1.83,28.0829,0,11.8799,0.0450268,31.9171,0,-11.8799,0.0450268
1.84,28.2017,0,11.8538,0.0450268,31.9171,0,-11.8799,0.0450268
1.84,28.2017,0,11.8538,0.0450268,31.7983,0,-11.8538,0.0450268
1.85,28.3202,0,11.8277,0.0450268,31.7983,0,-11.8538,0.0450268
1.85,28.3202,0,11.8277,0.0450268,31.6798,0,-11.8277,0.0450268
1.86,28.4385,0,11.8018,0.0450268,31.6798,0,-11.8277,0.0450268
1.86,28.4385,0,11.8018,0.0450268,31.5615,0,-11.8018,0.0450268
1.87,28.5565,0,11.776,0.0450268,31.5615,0,-11.8018,0.0450268
1.87,28.5565,0,11.776,0.0450268,31.4435,0,-11.776,0.0450268
1.88,28.6743,0,11.7503,0.0450268,31.4435,0,-11.776,0.0450268
1.88,28.6743,0,11.7503,0.0450268,31.3257,0,-11.7503,0.0450268
1.89,28.7918,0,11.7248,0.0450268,31.3257,0,-11.7503,0.0450268
1.89,28.7918,0,11.7248,0.0450268,31.2082,0,-11.7248,0.0450268
1.9,28.909,0,11.6993,0.0450268,31.2082,0,-11.7248,0.0450268
1.9,28.909,0,11.6993,0.0450268,31.091,0,-11.6993,0.0450268
1.91,29.026,0,11.674,0.0450268,31.091,0,-11.6993,0.0450268
1.91,29.026,0,11.674,0.0450268,30.974,0,-11.674,0.0450268
1.92,29.1427,0,11.6487,0.0450268,30.974,0,-11.674,0.0450268
1.92,29.1427,0,11.6487,0.0450268,30.8573,0,-11.6487,0.0450268
1.93,29.2592,0,11.6236,0.0450268,30.8573,0,-11.6487,0.0450268
1.93,29.2592,0,11.6236,0.0450268,30.7408,0,-11.6236,0.0450268
1.94,29.3755,0,11.5986,0.0450268,30.7408,0,-11.6236,0.0450268
1.94,29.3755,0,11.5986,0.0450268,30.6245,0,-11.5986,0.0450268
1.95,29.4914,0,11.5736,0.0450268,30.6245,0,-11.5986,0.0450268
1.95,29.4914,0,11.5736,0.0450268,30.5086,0,-11.5736,0.0450268
1.96,29.6072,0,11.5488,0.0450268,30.5086,0,-11.5736,0.0450268
1.96,29.6072,0,11.5488,0.0450268,30.3928,0,-11.5488,0.0450268
1.97,29.7227,0,11.5241,0.0450268,30.3928,0,-11.5488,0.0450268
1.97,29.7227,0,11.5241,0.0450268,30.2773,0,-11.5241,0.0450268
1.98,29.8379,0,11.4995,0.0450268,30.2773,0,-11.5241,0.0450268
1.98,29.8379,0,11.4995,0.0450268,30.1621,0,-11.4995,0.0450268
1.99,29.9529,0,11.475,0.0450268,30.1621,0,-11.4995,0.0450268
1.99,29.9529,0,11.475,0.0450268,30.0471,0,-11.475,0.0450268
2,29.7461,0,-10.0792,0.0450268,30.1529,0,10.098,0.0450268
2,29.7461,0,-10.0792,0.0450268,30.2539,0,10.0792,0.0450268
2.01,29.6453,0,-10.0603,0.0450268,30.2539,0,10.0792,0.0450268
2.01,29.6453,0,-10.0603,0.0450268,30.3547,0,10.0603,0.0450268
2.02,29.5447,0,-10.0416,0.0450268,30.3547,0,10.0603,0.0450268
2.02,29.5447,0,-10.0416,0.0450268,30.4553,0,10.0416,0.0450268
2.03,29.4443,0,-10.0229,0.0450268,30.4553,0,10.0416,0.0450268
2.03,29.4443,0,-10.0229,0.0450268,30.5557,0,10.0229,0.0450268
2.04,29.3441,0,-10.0043,0.0450268,30.5557,0,10.0229,0.0450268
2.04,29.3441,0,-10.0043,0.0450268,30.6559,0,10.0043,0.0450268
2.05,29.244,0,-9.98577,0.0450268,30.6559,0,10.0043,0.0450268
2.05,29.244,0,-9.98577,0.0450268,30.756,0,9.98577,0.0450268
2.06,29.1442,0,-9.9673,0.0450268,30.756,0,9.98577,0.0450268
2.06,29.1442,0,-9.9673,0.0450268,30.8558,0,9.9673,0.0450268
2.07,29.0445,0,-9.9489,0.0450268,30.8558,0,9.9673,0.0450268
2.07,29.0445,0,-9.9489,0.0450268,30.9555,0,9.9489,0.0450268
2.08,28.945,0,-9.93057,0.0450268,30.9555,0,9.9489,0.0450268
2.08,28.945,0,-9.93057,0.0450268,31.055,0,9.93057,0.0450268
2.09,28.8457,0,-9.91231,0.0450268,31.055,0,9.93057,0.0450268
2.09,28.8457,0,-9.91231,0.0450268,31.1543,0,9.91231,0.0450268
2.1,28.7466,0,-9.89411,0.0450268,31.1543,0,9.91231,0.0450268
2.1,28.7466,0,-9.89411,0.0450268,31.2534,0,9.89411,0.0450268
2.11,28.6476,0,-9.87598,0.0450268,31.2534,0,9.89411,0.0450268
2.11,28.6476,0,-9.87598,0.0450268,31.3524,0,9.87598,0.0450268
2.12,28.5489,0,-9.85791,0.0450268,31.3524,0,9.87598,0.0450268
2.12,28.5489,0,-9.85791,0.0450268,31.4511,0,9.85791,0.0450268
2.13,28.4503,0,-9.83991,0.0450268,31.4511,0,9.85791,0.0450268
2.13,28.4503,0,-9.83991,0.0450268,31.5497,0,9.83991,0.0450268
2.14,28.3519,0,-9.82198,0.0450268,31.5497,0,9.83991,0.0450268
2.14,28.3519,0,-9.82198,0.0450268,31.6481,0,9.82198,0.0450268
2.15,28.2537,0,-9.80411,0.0450268,31.6481,0,9.82198,0.0450268
2.15,28.2537,0,-9.80411,0.0450268,31.7463,0,9.80411,0.0450268
2.16,28.1556,0,-9.78631,0.0450268,31.7463,0,9.80411,0.0450268
2.16,28.1556,0,-9.78631,0.0450268,31.8444,0,9.78631,0.0450268
2.17,28.0578,0,-9.76857,0.0450268,31.8444,0,9.78631,0.0450268
2.17,28.0578,0,-9.76857,0.0450268,31.9422,0,9.76857,0.0450268
2.18,27.9601,0,-9.7509,0.0450268,31.9422,0,9.76857,0.0450268
2.18,27.9601,0,-9.7509,0.0450268,32.0399,0,9.7509,0.0450268
2.19,27.8626,0,-9.73329,0.0450268,32.0399,0,9.7509,0.0450268
2.19,27.8626,0,-9.73329,0.0450268,32.1374,0,9.73329,0.0450268
2.2,27.7652,0,-9.71574,0.0450268,32.1374,0,9.73329,0.0450268
2.2,27.7652,0,-9.71574,0.0450268,32.2348,0,9.71574,0.0450268
2.21,27.6681,0,-9.69826,0.0450268,32.2348,0,9.71574,0.0450268
2.21,27.6681,0,-9.69826,0.0450268,32.3319,0,9.69826,0.0450268
2.22,27.5711,0,-9.68084,0.0450268,32.3319,0,9.69826,0.0450268
2.22,27.5711,0,-9.68084,0.0450268,32.4289,0,9.68084,0.0450268
2.23,27.4743,0,-9.66348,0.0450268,32.4289,0,9.68084,0.0450268
2.23,27.4743,0,-9.66348,0.0450268,32.5257,0,9.66348,0.0450268
2.24,27.3777,0,-9.64619,0.0450268,32.5257,0,9.66348,0.0450268
2.24,27.3777,0,-9.64619,0.0450268,32.6223,0,9.64619,0.0450268
2.25,27.2812,0,-9.62895,0.0450268,32.6223,0,9.64619,0.0450268
2.25,27.2812,0,-9.62895,0.0450268,32.7188,0,9.62895,0.0450268
2.26,27.1849,0,-9.61178,0.0450268,32.7188,0,9.62895,0.0450268
2.26,27.1849,0,-9.61178,0.0450268,32.8151,0,9.61178,0.0450268
2.27,27.0888,0,-9.59467,0.0450268,32.8151,0,9.61178,0.0450268
2.27,27.0888,0,-9.59467,0.0450268,32.9112,0,9.59467,0.0450268
2.28,26.9928,0,-9.57762,0.0450268,32.9112,0,9.59467,0.0450268
2.28,26.9928,0,-9.57762,0.0450268,33.0072,0,9.57762,0.0450268
2.29,26.8971,0,-9.56063,0.0450268,33.0072,0,9.57762,0.0450268
2.29,26.8971,0,-9.56063,0.0450268,33.1029,0,9.56063,0.0450268
2.3,26.8015,0,-9.5437,0.0450268,33.1029,0,9.56063,0.0450268
2.3,26.8015,0,-9.5437,0.0450268,33.1985,0,9.5437,0.0450268
2.31,26.706,0,-9.52683,0.0450268,33.1985,0,9.5437,0.0450268
2.31,26.706,0,-9.52683,0.0450268,33.294,0,9.52683,0.0450268
2.32,26.6108,0,-9.51002,0.0450268,33.294,0,9.52683,0.0450268
2.32,26.6108,0,-9.51002,0.0450268,33.3892,0,9.51002,0.0450268
2.33,26.5157,0,-9.49327,0.0450268,33.3892,0,9.51002,0.0450268
2.33,26.5157,0,-9.49327,0.0450268,33.4843,0,9.49327,0.0450268
2.34,26.4207,0,-9.47658,0.0450268,33.4843,0,9.49327,0.0450268
2.34,26.4207,0,-9.47658,0.0450268,33.5793,0,9.47658,0.0450268
2.35,26.326,0,-9.45994,0.0450268,33.5793,0,9.47658,0.0450268
2.35,26.326,0,-9.45994,0.0450268,33.674,0,9.45994,0.0450268
2.36,26.2314,0,-9.44337,0.0450268,33.674,0,9.45994,0.0450268
2.36,26.2314,0,-9.44337,0.0450268,33.7686,0,9.44337,0.0450268
2.37,26.1369,0,-9.42685,0.0450268,33.7686,0,9.44337,0.0450268
2.37,26.1369,0,-9.42685,0.0450268,33.8631,0,9.42685,0.0450268
2.38,26.0427,0,-9.41039,0.0450268,33.8631,0,9.42685,0.0450268
2.38,26.0427,0,-9.41039,0.0450268,33.9573,0,9.41039,0.0450268
2.39,25.9486,0,-9.39399,0.0450268,33.9573,0,9.41039,0.0450268
2.39,25.9486,0,-9.39399,0.0450268,34.0514,0,9.39399,0.0450268
2.4,25.8546,0,-9.37765,0.0450268,34.0514,0,9.39399,0.0450268
2.4,25.8546,0,-9.37765,0.0450268,34.1454,0,9.37765,0.0450268
2.41,25.7608,0,-9.36136,0.0450268,34.1454,0,9.37765,0.0450268
2.41,25.7608,0,-9.36136,0.0450268,34.2392,0,9.36136,0.0450268
2.42,25.6672,0,-9.34513,0.0450268,34.2392,0,9.36136,0.0450268
2.42,25.6672,0,-9.34513,0.0450268,34.3328,0,9.34513,0.0450268
2.43,25.5738,0,-9.32895,0.0450268,34.3328,0,9.34513,0.0450268
2.43,25.5738,0,-9.32895,0.0450268,34.4262,0,9.32895,0.0450268
2.44,25.4805,0,-9.31283,0.0450268,34.4262,0,9.32895,0.0450268
2.44,25.4805,0,-9.31283,0.0450268,34.5195,0,9.31283,0.0450268
2.45,25.3874,0,-9.29677,0.0450268,34.5195,0,9.31283,0.0450268
2.45,25.3874,0,-9.29677,0.0450268,34.6126,0,9.29677,0.0450268
2.46,25.2944,0,-9.28076,0.0450268,34.6126,0,9.29677,0.0450268
2.46,25.2944,0,-9.28076,0.0450268,34.7056,0,9.28076,0.0450268
2.47,25.2016,0,-9.26481,0.0450268,34.7056,0,9.28076,0.0450268
2.47,25.2016,0,-9.26481,0.0450268,34.7984,0,9.26481,0.0450268
2.48,25.1089,0,-9.24891,0.0450268,34.7984,0,9.26481,0.0450268
2.48,25.1089,0,-9.24891,0.0450268,34.8911,0,9.24891,0.0450268
2.49,25.0164,0,-9.23307,0.0450268,34.8911,0,9.24891,0.0450268
2.49,25.0164,0,-9.23307,0.0450268,34.9836,0,9.23307,0.0450268
2.5,24.9241,0,-9.21728,0.0450268,34.9836,0,9.23307,0.0450268
2.5,24.9241,0,-9.21728,0.0450268,35.0759,0,9.21728,0.0450268
2.51,24.8319,0,-9.20154,0.0450268,35.0759,0,9.21728,0.0450268
2.51,24.8319,0,-9.20154,0.0450268,35.1681,0,9.20154,0.0450268
2.52,24.7399,0,-9.18586,0.0450268,35.1681,0,9.20154,0.0450268
2.52,24.7399,0,-9.18586,0.0450268,35.2601,0,9.18586,0.0450268
2.53,24.6481,0,-9.17023,0.0450268,35.2601,0,9.18586,0.0450268
2.53,24.6481,0,-9.17023,0.0450268,35.3519,0,9.17023,0.0450268
2.54,24.5564,0,-9.15466,0.0450268,35.3519,0,9.17023,0.0450268
2.54,24.5564,0,-9.15466,0.0450268,35.4436,0,9.15466,0.0450268
2.55,24.4648,0,-9.13914,0.0450268,35.4436,0,9.15466,0.0450268
2.55,24.4648,0,-9.13914,0.0450268,35.5352,0,9.13914,0.0450268
2.56,24.3734,0,-9.12367,0.0450268,35.5352,0,9.13914,0.0450268
2.56,24.3734,0,-9.12367,0.0450268,35.6266,0,9.12367,0.0450268
2.57,24.2822,0,-9.10825,0.0450268,35.6266,0,9.12367,0.0450268
2.57,24.2822,0,-9.10825,0.0450268,35.7178,0,9.10825,0.0450268
2.58,24.1911,0,-9.09288,0.0450268,35.7178,0,9.10825,0.0450268
2.58,24.1911,0,-9.09288,0.0450268,35.8089,0,9.09288,0.0450268
2.59,24.1002,0,-9.07757,0.0450268,35.8089,0,9.09288,0.0450268
2.59,24.1002,0,-9.07757,0.0450268,35.8998,0,9.07757,0.0450268
2.6,24.0094,0,-9.06231,0.0450268,35.8998,0,9.07757,0.0450268
2.6,24.0094,0,-9.06231,0.0450268,35.9906,0,9.06231,0.0450268
2.61,23.9188,0,-9.0471,0.0450268,35.9906,0,9.06231,0.0450268
2.61,23.9188,0,-9.0471,0.0450268,36.0812,0,9.0471,0.0450268
2.62,23.8283,0,-9.03194,0.0450268,36.0812,0,9.0471,0.0450268
2.62,23.8283,0,-9.03194,0.0450268,36.1717,0,9.03194,0.0450268
2.63,23.738,0,-9.01683,0.0450268,36.1717,0,9.03194,0.0450268
2.63,23.738,0,-9.01683,0.0450268,36.262,0,9.01683,0.0450268
2.64,23.6478,0,-9.00177,0.0450268,36.262,0,9.01683,0.0450268
2.64,23.6478,0,-9.00177,0.0450268,36.3522,0,9.00177,0.0450268
2.65,23.5578,0,-8.98676,0.0450268,36.3522,0,9.00177,0.0450268
2.65,23.5578,0,-8.98676,0.0450268,36.4422,0,8.98676,0.0450268
2.66,23.4679,0,-8.9718,0.0450268,36.4422,0,8.98676,0.0450268
2.66,23.4679,0,-8.9718,0.0450268,36.5321,0,8.9718,0.0450268
2.67,23.3782,0,-8.9569,0.0450268,36.5321,0,8.9718,0.0450268
2.67,23.3782,0,-8.9569,0.0450268,36.6218,0,8.9569,0.0450268
2.68,23.2886,0,-8.94204,0.0450268,36.6218,0,8.9569,0.0450268
2.68,23.2886,0,-8.94204,0.0450268,36.7114,0,8.94204,0.0450268
2.69,23.1992,0,-8.92723,0.0450268,36.7114,0,8.94204,0.0450268
2.69,23.1992,0,-8.92723,0.0450268,36.8008,0,8.92723,0.0450268
2.7,23.11,0,-8.91247,0.0450268,36.8008,0,8.92723,0.0450268
2.7,23.11,0,-8.91247,0.0450268,36.89,0,8.91247,0.0450268
2.71,23.0208,0,-8.89775,0.0450268,36.89,0,8.91247,0.0450268
2.71,23.0208,0,-8.89775,0.0450268,36.9792,0,8.89775,0.0450268
2.72,22.9319,0,-8.88309,0.0450268,36.9792,0,8.89775,0.0450268
2.72,22.9319,0,-8.88309,0.0450268,37.0681,0,8.88309,0.0450268
2.73,22.843,0,-8.86848,0.0450268,37.0681,0,8.88309,0.0450268
2.73,22.843,0,-8.86848,0.0450268,37.157,0,8.86848,0.0450268
2.74,22.7543,0,-8.85391,0.0450268,37.157,0,8.86848,0.0450268
2.74,22.7543,0,-8.85391,0.0450268,37.2457,0,8.85391,0.0450268
2.75,22.6658,0,-8.83939,0.0450268,37.2457,0,8.85391,0.0450268
2.75,22.6658,0,-8.83939,0.0450268,37.3342,0,8.83939,0.0450268
2.76,22.5774,0,-8.82492,0.0450268,37.3342,0,8.83939,0.0450268
2.76,22.5774,0,-8.82492,0.0450268,37.4226,0,8.82492,0.0450268
2.77,22.4892,0,-8.81049,0.0450268,37.4226,0,8.82492,0.0450268
2.77,22.4892,0,-8.81049,0.0450268,37.5108,0,8.81049,0.0450268
2.78,22.4011,0,-8.79612,0.0450268,37.5108,0,8.81049,0.0450268
2.78,22.4011,0,-8.79612,0.0450268,37.5989,0,8.79612,0.0450268
2.79,22.3131,0,-8.78179,0.0450268,37.5989,0,8.79612,0.0450268
2.79,22.3131,0,-8.78179,0.0450268,37.6869,0,8.78179,0.0450268
2.8,22.2253,0,-8.7675,0.0450268,37.6869,0,8.78179,0.0450268
2.8,22.2253,0,-8.7675,0.0450268,37.7747,0,8.7675,0.0450268
2.81,22.1376,0,-8.75327,0.0450268,37.7747,0,8.7675,0.0450268
2.81,22.1376,0,-8.75327,0.0450268,37.8624,0,8.75327,0.0450268
2.82,22.0501,0,-8.73908,0.0450268,37.8624,0,8.75327,0.0450268
2.82,22.0501,0,-8.73908,0.0450268,37.9499,0,8.73908,0.0450268
2.83,21.9627,0,-8.72493,0.0450268,37.9499,0,8.73908,0.0450268
2.83,21.9627,0,-8.72493,0.0450268,38.0373,0,8.72493,0.0450268
2.84,21.8754,0,-8.71083,0.0450268,38.0373,0,8.72493,0.0450268
2.84,21.8754,0,-8.71083,0.0450268,38.1246,0,8.71083,0.0450268
2.85,21.7883,0,-8.69678,0.0450268,38.1246,0,8.71083,0.0450268
2.85,21.7883,0,-8.69678,0.0450268,38.2117,0,8.69678,0.0450268
2.86,21.7013,0,-8.68277,0.0450268,38.2117,0,8.69678,0.0450268
2.86,21.7013,0,-8.68277,0.0450268,38.2987,0,8.68277,0.0450268
2.87,21.6145,0,-8.66881,0.0450268,38.2987,0,8.68277,0.0450268
2.87,21.6145,0,-8.66881,0.0450268,38.3855,0,8.66881,0.0450268
2.88,21.5278,0,-8.65489,0.0450268,38.3855,0,8.66881,0.0450268
2.88,21.5278,0,-8.65489,0.0450268,38.4722,0,8.65489,0.0450268
2.89,21.4413,0,-8.64101,0.0450268,38.4722,0,8.65489,0.0450268
2.89,21.4413,0,-8.64101,0.0450268,38.5587,0,8.64101,0.0450268
2.9,21.3549,0,-8.62718,0.0450268,38.5587,0,8.64101,0.0450268
2.9,21.3549,0,-8.62718,0.0450268,38.6451,0,8.62718,0.0450268
2.91,21.2686,0,-8.6134,0.0450268,38.6451,0,8.62718,0.0450268
2.91,21.2686,0,-8.6134,0.0450268,38.7314,0,8.6134,0.0450268
2.92,21.1825,0,-8.59966,0.0450268,38.7314,0,8.6134,0.0450268
2.92,21.1825,0,-8.59966,0.0450268,38.8175,0,8.59966,0.0450268
2.93,21.0965,0,-8.58596,0.0450268,38.8175,0,8.59966,0.0450268
2.93,21.0965,0,-8.58596,0.0450268,38.9035,0,8.58596,0.0450268
2.94,21.0106,0,-8.57231,0.0450268,38.9035,0,8.58596,0.0450268
2.94,21.0106,0,-8.57231,0.0450268,38.9894,0,8.57231,0.0450268
2.95,20.9249,0,-8.5587,0.0450268,38.9894,0,8.57231,0.0450268
2.95,20.9249,0,-8.5587,0.0450268,39.0751,0,8.5587,0.0450268
2.96,20.8393,0,-8.54513,0.0450268,39.0751,0,8.5587,0.0450268
2.96,20.8393,0,-8.54513,0.0450268,39.1607,0,8.54513,0.0450268
2.97,20.7538,0,-8.53161,0.0450268,39.1607,0,8.54513,0.0450268
2.97,20.7538,0,-8.53161,0.0450268,39.2462,0,8.53161,0.0450268
2.98,20.6685,0,-8.51812,0.0450268,39.2462,0,8.53161,0.0450268
2.98,20.6685,0,-8.51812,0.0450268,39.3315,0,8.51812,0.0450268
2.99,20.5834,0,-8.50469,0.0450268,39.3315,0,8.51812,0.0450268
2.99,20.5834,0,-8.50469,0.0450268,39.4166,0,8.50469,0.0450268
3,20.4983,0,-8.49129,0.0450268,39.4166,0,8.50469,0.0450268
3,20.4983,0,-8.49129,0.0450268,39.5017,0,8.49129,0.0450268
3.01,20.4134,0,-8.47794,0.0450268,39.5017,0,8.49129,0.0450268
3.01,20.4134,0,-8.47794,0.0450268,39.5866,0,8.47794,0.0450268
3.02,20.3286,0,-8.46462,0.0450268,39.5866,0,8.47794,0.0450268
3.02,20.3286,0,-8.46462,0.0450268,39.6714,0,8.46462,0.0450268
3.03,20.244,0,-8.45135,0.0450268,39.6714,0,8.46462,0.0450268
3.03,20.244,0,-8.45135,0.0450268,39.756,0,8.45135,0.0450268
3.04,20.1595,0,-8.43812,0.0450268,39.756,0,8.45135,0.0450268
3.04,20.1595,0,-8.43812,0.0450268,39.8405,0,8.43812,0.0450268
3.05,20.0751,0,-8.42494,0.0450268,39.8405,0,8.43812,0.0450268
3.05,20.0751,0,-8.42494,0.0450268,39.9249,0,8.42494,0.0450268
3.06,19.9908,0,-8.41179,0.0450268,39.9249,0,8.42494,0.0450268
3.06,19.9908,0,-8.41179,0.0450268,40.0092,0,8.41179,0.0450268
3.07,19.9067,0,-8.39868,0.0450268,40.0092,0,8.41179,0.0450268
3.07,19.9067,0,-8.39868,0.0450268,40.0933,0,8.39868,0.0450268
3.08,19.8227,0,-8.38562,0.0450268,40.0933,0,8.39868,0.0450268
3.08,19.8227,0,-8.38562,0.0450268,40.1773,0,8.38562,0.0450268
3.09,19.7389,0,-8.3726,0.0450268,40.1773,0,8.38562,0.0450268
3.09,19.7389,0,-8.3726,0.0450268,40.2611,0,8.3726,0.0450268
3.1,19.6551,0,-8.35961,0.0450268,40.2611,0,8.3726,0.0450268
3.1,19.6551,0,-8.35961,0.0450268,40.3449,0,8.35961,0.0450268
3.11,19.5715,0,-8.34667,0.0450268,40.3449,0,8.35961,0.0450268
3.11,19.5715,0,-8.34667,0.0450268,40.4285,0,8.34667,0.0450268
3.12,19.4881,0,-8.33377,0.0450268,40.4285,0,8.34667,0.0450268
3.12,19.4881,0,-8.33377,0.0450268,40.5119,0,8.33377,0.0450268
3.13,19.4047,0,-8.3209,0.0450268,40.5119,0,8.33377,0.0450268
3.13,19.4047,0,-8.3209,0.0450268,40.5953,0,8.3209,0.0450268
3.14,19.3215,0,-8.30808,0.0450268,40.5953,0,8.3209,0.0450268
3.14,19.3215,0,-8.30808,0.0450268,40.6785,0,8.30808,0.0450268
3.15,19.2384,0,-8.29529,0.0450268,40.6785,0,8.30808,0.0450268
3.15,19.2384,0,-8.29529,0.0450268,40.7616,0,8.29529,0.0450268
3.16,19.1555,0,-8.28255,0.0450268,40.7616,0,8.29529,0.0450268
3.16,19.1555,0,-8.28255,0.0450268,40.8445,0,8.28255,0.0450268
3.17,19.0727,0,-8.26984,0.0450268,40.8445,0,8.28255,0.0450268
3.17,19.0727,0,-8.26984,0.0450268,40.9273,0,8.26984,0.0450268
3.18,18.99,0,-8.25718,0.0450268,40.9273,0,8.26984,0.0450268
3.18,18.99,0,-8.25718,0.0450268,41.01,0,8.25718,0.0450268
3.19,18.9074,0,-8.24455,0.0450268,41.01,0,8.25718,0.0450268
3.19,18.9074,0,-8.24455,0.0450268,41.0926,0,8.24455,0.0450268
3.2,18.825,0,-8.23196,0.0450268,41.0926,0,8.24455,0.0450268
3.2,18.825,0,-8.23196,0.0450268,41.175,0,8.23196,0.0450268
3.21,18.7426,0,-8.21941,0.0450268,41.175,0,8.23196,0.0450268
3.21,18.7426,0,-8.21941,0.0450268,41.2574,0,8.21941,0.0450268
3.22,18.6604,0,-8.2069,0.0450268,41.2574,0,8.21941,0.0450268
3.22,18.6604,0,-8.2069,0.0450268,41.3396,0,8.2069,0.0450268
3.23,18.5784,0,-8.19442,0.0450268,41.3396,0,8.2069,0.0450268
3.23,18.5784,0,-8.19442,0.0450268,41.4216,0,8.19442,0.0450268
3.24,18.4964,0,-8.18198,0.0450268,41.4216,0,8.19442,0.0450268
3.24,18.4964,0,-8.18198,0.0450268,41.5036,0,8.18198,0.0450268
3.25,18.4146,0,-8.16959,0.0450268,41.5036,0,8.18198,0.0450268
3.25,18.4146,0,-8.16959,0.0450268,41.5854,0,8.16959,0.0450268
3.26,18.3329,0,-8.15722,0.0450268,41.5854,0,8.16959,0.0450268
3.26,18.3329,0,-8.15722,0.0450268,41.6671,0,8.15722,0.0450268
3.27,18.2513,0,-8.1449,0.0450268,41.6671,0,8.15722,0.0450268
3.27,18.2513,0,-8.1449,0.0450268,41.7487,0,8.1449,0.0450268
3.28,18.1699,0,-8.13261,0.0450268,41.7487,0,8.1449,0.0450268
3.28,18.1699,0,-8.13261,0.0450268,41.8301,0,8.13261,0.0450268
3.29,18.0886,0,-8.12036,0.0450268,41.8301,0,8.13261,0.0450268
3.29,18.0886,0,-8.12036,0.0450268,41.9114,0,8.12036,0.0450268
3.3,18.0074,0,-8.10815,0.0450268,41.9114,0,8.12036,0.0450268
3.3,18.0074,0,-8.10815,0.0450268,41.9926,0,8.10815,0.0450268
3.31,17.9263,0,-8.09597,0.0450268,41.9926,0,8.10815,0.0450268
3.31,17.9263,0,-8.09597,0.0450268,42.0737,0,8.09597,0.0450268
3.32,17.8453,0,-8.08383,0.0450268,42.0737,0,8.09597,0.0450268
3.32,17.8453,0,-8.08383,0.0450268,42.1547,0,8.08383,0.0450268
3.33,17.7645,0,-8.07173,0.0450268,42.1547,0,8.08383,0.0450268
3.33,17.7645,0,-8.07173,0.0450268,42.2355,0,8.07173,0.0450268
3.34,17.6838,0,-8.05966,0.0450268,42.2355,0,8.07173,0.0450268
3.34,17.6838,0,-8.05966,0.0450268,42.3162,0,8.05966,0.0450268
3.35,17.6032,0,-8.04763,0.0450268,42.3162,0,8.05966,0.0450268
3.35,17.6032,0,-8.04763,0.0450268,42.3968,0,8.04763,0.0450268
3.36,17.5227,0,-8.03564,0.0450268,42.3968,0,8.04763,0.0450268
3.36,17.5227,0,-8.03564,0.0450268,42.4773,0,8.03564,0.0450268
3.37,17.4423,0,-8.02368,0.0450268,42.4773,0,8.03564,0.0450268
3.37,17.4423,0,-8.02368,0.0450268,42.5577,0,8.02368,0.0450268
3.38,17.3621,0,-8.01175,0.0450268,42.5577,0,8.02368,0.0450268
3.38,17.3621,0,-8.01175,0.0450268,42.6379,0,8.01175,0.0450268
3.39,17.282,0,-7.99987,0.0450268,42.6379,0,8.01175,0.0450268
3.39,17.282,0,-7.99987,0.0450268,42.718,0,7.99987,0.0450268
3.4,17.202,0,-7.98801,0.0450268,42.718,0,7.99987,0.0450268
3.4,17.202,0,-7.98801,0.0450268,42.798,0,7.98801,0.0450268
3.41,17.1221,0,-7.97619,0.0450268,42.798,0,7.98801,0.0450268
3.41,17.1221,0,-7.97619,0.0450268,42.8779,0,7.97619,0.0450268
3.42,17.0423,0,-7.96441,0.0450268,42.8779,0,7.97619,0.0450268
3.42,17.0423,0,-7.96441,0.0450268,42.9577,0,7.96441,0.0450268
3.43,16.9627,0,-7.95266,0.0450268,42.9577,0,7.96441,0.0450268
3.43,16.9627,0,-7.95266,0.0450268,43.0373,0,7.95266,0.0450268
3.44,16.8832,0,-7.94095,0.0450268,43.0373,0,7.95266,0.0450268
3.44,16.8832,0,-7.94095,0.0450268,43.1168,0,7.94095,0.0450268
3.45,16.8038,0,-7.92927,0.0450268,43.1168,0,7.94095,0.0450268
3.45,16.8038,0,-7.92927,0.0450268,43.1962,0,7.92927,0.0450268
3.46,16.7245,0,-7.91762,0.0450268,43.1962,0,7.92927,0.0450268
3.46,16.7245,0,-7.91762,0.0450268,43.2755,0,7.91762,0.0450268
3.47,16.6453,0,-7.90601,0.0450268,43.2755,0,7.91762,0.0450268
3.47,16.6453,0,-7.90601,0.0450268,43.3547,0,7.90601,0.0450268
3.48,16.5662,0,-7.89444,0.0450268,43.3547,0,7.90601,0.0450268
3.48,16.5662,0,-7.89444,0.0450268,43.4338,0,7.89444,0.0450268
3.49,16.4873,0,-7.88289,0.0450268,43.4338,0,7.89444,0.0450268
3.49,16.4873,0,-7.88289,0.0450268,43.5127,0,7.88289,0.0450268
3.5,16.4085,0,-7.87139,0.0450268,43.5127,0,7.88289,0.0450268
3.5,16.4085,0,-7.87139,0.0450268,43.5915,0,7.87139,0.0450268
3.51,16.3297,0,-7.85991,0.0450268,43.5915,0,7.87139,0.0450268
3.51,16.3297,0,-7.85991,0.0450268,43.6703,0,7.85991,0.0450268
3.52,16.2511,0,-7.84847,0.0450268,43.6703,0,7.85991,0.0450268
3.52,16.2511,0,-7.84847,0.0450268,43.7489,0,7.84847,0.0450268
3.53,16.1727,0,-7.83706,0.0450268,43.7489,0,7.84847,0.0450268
3.53,16.1727,0,-7.83706,0.0450268,43.8273,0,7.83706,0.0450268
3.54,16.0943,0,-7.82568,0.0450268,43.8273,0,7.83706,0.0450268
3.54,16.0943,0,-7.82568,0.0450268,43.9057,0,7.82568,0.0450268
3.55,16.016,0,-7.81434,0.0450268,43.9057,0,7.82568,0.0450268
3.55,16.016,0,-7.81434,0.0450268,43.984,0,7.81434,0.0450268
3.56,15.9379,0,-7.80303,0.0450268,43.984,0,7.81434,0.0450268
3.56,15.9379,0,-7.80303,0.0450268,44.0621,0,7.80303,0.0450268
3.57,15.8599,0,-7.79175,0.0450268,44.0621,0,7.80303,0.0450268
3.57,15.8599,0,-7.79175,0.0450268,44.1401,0,7.79175,0.0450268
3.58,15.7819,0,-7.78051,0.0450268,44.1401,0,7.79175,0.0450268
3.58,15.7819,0,-7.78051,0.0450268,44.2181,0,7.78051,0.0450268
3.59,15.7041,0,-7.7693,0.0450268,44.2181,0,7.78051,0.0450268
3.59,15.7041,0,-7.7693,0.0450268,44.2959,0,7.7693,0.0450268
3.6,15.6264,0,-7.75812,0.0450268,44.2959,0,7.7693,0.0450268
3.6,15.6264,0,-7.75812,0.0450268,44.3736,0,7.75812,0.0450268
3.61,15.5489,0,-7.74697,0.0450268,44.3736,0,7.75812,0.0450268
3.61,15.5489,0,-7.74697,0.0450268,44.4511,0,7.74697,0.0450268
3.62,15.4714,0,-7.73585,0.0450268,44.4511,0,7.74697,0.0450268
3.62,15.4714,0,-7.73585,0.0450268,44.5286,0,7.73585,0.0450268
3.63,15.394,0,-7.72477,0.0450268,44.5286,0,7.73585,0.0450268
3.63,15.394,0,-7.72477,0.0450268,44.606,0,7.72477,0.0450268
3.64,15.3168,0,-7.71372,0.0450268,44.606,0,7.72477,0.0450268
3.64,15.3168,0,-7.71372,0.0450268,44.6832,0,7.71372,0.0450268
3.65,15.2396,0,-7.7027,0.0450268,44.6832,0,7.71372,0.0450268
3.65,15.2396,0,-7.7027,0.0450268,44.7604,0,7.7027,0.0450268
3.66,15.1626,0,-7.69171,0.0450268,44.7604,0,7.7027,0.0450268
3.66,15.1626,0,-7.69171,0.0450268,44.8374,0,7.69171,0.0450268
3.67,15.0857,0,-7.68075,0.0450268,44.8374,0,7.69171,0.0450268
3.67,15.0857,0,-7.68075,0.0450268,44.9143,0,7.68075,0.0450268
3.68,15.0089,0,-7.66982,0.0450268,44.9143,0,7.68075,0.0450268
3.68,15.0089,0,-7.66982,0.0450268,44.9911,0,7.66982,0.0450268
3.69,14.9322,0,-7.65893,0.0450268,44.9911,0,7.66982,0.0450268
3.69,14.9322,0,-7.65893,0.0450268,45.0678,0,7.65893,0.0450268
3.7,14.8556,0,-7.64806,0.0450268,45.0678,0,7.65893,0.0450268
3.7,14.8556,0,-7.64806,0.0450268,45.1444,0,7.64806,0.0450268
3.71,14.7791,0,-7.63723,0.0450268,45.1444,0,7.64806,0.0450268
3.71,14.7791,0,-7.63723,0.0450268,45.2209,0,7.63723,0.0450268
3.72,14.7028,0,-7.62643,0.0450268,45.2209,0,7.63723,0.0450268
3.72,14.7028,0,-7.62643,0.0450268,45.2972,0,7.62643,0.0450268
3.73,14.6265,0,-7.61566,0.0450268,45.2972,0,7.62643,0.0450268
3.73,14.6265,0,-7.61566,0.0450268,45.3735,0,7.61566,0.0450268
3.74,14.5503,0,-7.60491,0.0450268,45.3735,0,7.61566,0.0450268
3.74,14.5503,0,-7.60491,0.0450268,45.4497,0,7.60491,0.0450268
3.75,14.4743,0,-7.5942,0.0450268,45.4497,0,7.60491,0.0450268
3.75,14.4743,0,-7.5942,0.0450268,45.5257,0,7.5942,0.0450268
3.76,14.3983,0,-7.58352,0.0450268,45.5257,0,7.5942,0.0450268
3.76,14.3983,0,-7.58352,0.0450268,45.6017,0,7.58352,0.0450268
3.77,14.3225,0,-7.57287,0.0450268,45.6017,0,7.58352,0.0450268
3.77,14.3225,0,-7.57287,0.0450268,45.6775,0,7.57287,0.0450268
3.78,14.2468,0,-7.56225,0.0450268,45.6775,0,7.57287,0.0450268
3.78,14.2468,0,-7.56225,0.0450268,45.7532,0,7.56225,0.0450268
3.79,14.1712,0,-7.55166,0.0450268,45.7532,0,7.56225,0.0450268
3.79,14.1712,0,-7.55166,0.0450268,45.8288,0,7.55166,0.0450268
3.8,14.0956,0,-7.54109,0.0450268,45.8288,0,7.55166,0.0450268
3.8,14.0956,0,-7.54109,0.0450268,45.9044,0,7.54109,0.0450268
3.81,14.0202,0,-7.53056,0.0450268,45.9044,0,7.54109,0.0450268
3.81,14.0202,0,-7.53056,0.0450268,45.9798,0,7.53056,0.0450268
3.82,13.9449,0,-7.52006,0.0450268,45.9798,0,7.53056,0.0450268
3.82,13.9449,0,-7.52006,0.0450268,46.0551,0,7.52006,0.0450268
3.83,13.8697,0,-7.50958,0.0450268,46.0551,0,7.52006,0.0450268
3.83,13.8697,0,-7.50958,0.0450268,46.1303,0,7.50958,0.0450268
3.84,13.7946,0,-7.49914,0.0450268,46.1303,0,7.50958,0.0450268
3.84,13.7946,0,-7.49914,0.0450268,46.2054,0,7.49914,0.0450268
3.85,13.7196,0,-7.48872,0.0450268,46.2054,0,7.49914,0.0450268
3.85,13.7196,0,-7.48872,0.0450268,46.2804,0,7.48872,0.0450268
3.86,13.6447,0,-7.47834,0.0450268,46.2804,0,7.48872,0.0450268
3.86,13.6447,0,-7.47834,0.0450268,46.3553,0,7.47834,0.0450268
3.87,13.57,0,-7.46798,0.0450268,46.3553,0,7.47834,0.0450268
3.87,13.57,0,-7.46798,0.0450268,46.43,0,7.46798,0.0450268
3.88,13.4953,0,-7.45765,0.0450268,46.43,0,7.46798,0.0450268
3.88,13.4953,0,-7.45765,0.0450268,46.5047,0,7.45765,0.0450268
3.89,13.4207,0,-7.44735,0.0450268,46.5047,0,7.45765,0.0450268
3.89,13.4207,0,-7.44735,0.0450268,46.5793,0,7.44735,0.0450268
3.9,13.3462,0,-7.43707,0.0450268,46.5793,0,7.44735,0.0450268
3.9,13.3462,0,-7.43707,0.0450268,46.6538,0,7.43707,0.0450268
3.91,13.2719,0,-7.42683,0.0450268,46.6538,0,7.43707,0.0450268
3.91,13.2719,0,-7.42683,0.0450268,46.7281,0,7.42683,0.0450268
3.92,13.1976,0,-7.41661,0.0450268,46.7281,0,7.42683,0.0450268
3.92,13.1976,0,-7.41661,0.0450268,46.8024,0,7.41661,0.0450268
3.93,13.1234,0,-7.40643,0.0450268,46.8024,0,7.41661,0.0450268
3.93,13.1234,0,-7.40643,0.0450268,46.8766,0,7.40643,0.0450268
3.94,13.0494,0,-7.39627,0.0450268,46.8766,0,7.40643,0.0450268
3.94,13.0494,0,-7.39627,0.0450268,46.9506,0,7.39627,0.0450268
3.95,12.9754,0,-7.38613,0.0450268,46.9506,0,7.39627,0.0450268
3.95,12.9754,0,-7.38613,0.0450268,47.0246,0,7.38613,0.0450268
3.96,12.9015,0,-7.37603,0.0450268,47.0246,0,7.38613,0.0450268
3.96,12.9015,0,-7.37603,0.0450268,47.0985,0,7.37603,0.0450268
3.97,12.8278,0,-7.36595,0.0450268,47.0985,0,7.37603,0.0450268
3.97,12.8278,0,-7.36595,0.0450268,47.1722,0,7.36595,0.0450268
3.98,12.7541,0,-7.3559,0.0450268,47.1722,0,7.36595,0.0450268
3.98,12.7541,0,-7.3559,0.0450268,47.2459,0,7.3559,0.0450268
3.99,12.6806,0,-7.34588,0.0450268,47.2459,0,7.3559,0.0450268
3.99,12.6806,0,-7.34588,0.0450268,47.3194,0,7.34588,0.0450268
4,12.6071,0,-7.33589,0.0450268,47.3194,0,7.34588,0.0450268
4,12.6071,0,-7.33589,0.0450268,47.3929,0,7.33589,0.0450268
4.01,12.5337,0,-7.32592,0.0450268,47.3929,0,7.33589,0.0450268
4.01,12.5337,0,-7.32592,0.0450268,47.4663,0,7.32592,0.0450268
4.02,12.4605,0,-7.31598,0.0450268,47.4663,0,7.32592,0.0450268
4.02,12.4605,0,-7.31598,0.0450268,47.5395,0,7.31598,0.0450268
4.03,12.3873,0,-7.30607,0.0450268,47.5395,0,7.31598,0.0450268
4.03,12.3873,0,-7.30607,0.0450268,47.6127,0,7.30607,0.0450268
4.04,12.3143,0,-7.29618,0.0450268,47.6127,0,7.30607,0.0450268
4.04,12.3143,0,-7.29618,0.0450268,47.6857,0,7.29618,0.0450268
4.05,12.2413,0,-7.28632,0.0450268,47.6857,0,7.29618,0.0450268
4.05,12.2413,0,-7.28632,0.0450268,47.7587,0,7.28632,0.0450268
4.06,12.1684,0,-7.27649,0.0450268,47.7587,0,7.28632,0.0450268
4.06,12.1684,0,-7.27649,0.0450268,47.8316,0,7.27649,0.0450268
4.07,12.0957,0,-7.26668,0.0450268,47.8316,0,7.27649,0.0450268
4.07,12.0957,0,-7.26668,0.0450268,47.9043,0,7.26668,0.0450268
4.08,12.023,0,-7.2569,0.0450268,47.9043,0,7.26668,0.0450268
4.08,12.023,0,-7.2569,0.0450268,47.977,0,7.2569,0.0450268
4.09,11.9504,0,-7.24715,0.0450268,47.977,0,7.2569,0.0450268
4.09,11.9504,0,-7.24715,0.0450268,48.0496,0,7.24715,0.0450268
4.1,11.878,0,-7.23742,0.0450268,48.0496,0,7.24715,0.0450268
4.1,11.878,0,-7.23742,0.0450268,48.122,0,7.23742,0.0450268
4.11,11.8056,0,-7.22772,0.0450268,48.122,0,7.23742,0.0450268
4.11,11.8056,0,-7.22772,0.0450268,48.1944,0,7.22772,0.0450268
4.12,11.7333,0,-7.21804,0.0450268,48.1944,0,7.22772,0.0450268
4.12,11.7333,0,-7.21804,0.0450268,48.2667,0,7.21804,0.0450268
4.13,11.6611,0,-7.20839,0.0450268,48.2667,0,7.21804,0.0450268
4.13,11.6611,0,-7.20839,0.0450268,48.3389,0,7.20839,0.0450268
4.14,11.5891,0,-7.19877,0.0450268,48.3389,0,7.20839,0.0450268
4.14,11.5891,0,-7.19877,0.0450268,48.4109,0,7.19877,0.0450268
4.15,11.5171,0,-7.18917,0.0450268,48.4109,0,7.19877,0.0450268
4.15,11.5171,0,-7.18917,0.0450268,48.4829,0,7.18917,0.0450268
4.16,11.4452,0,-7.1796,0.0450268,48.4829,0,7.18917,0.0450268
4.16,11.4452,0,-7.1796,0.0450268,48.5548,0,7.1796,0.0450268
4.17,11.3734,0,-7.17005,0.0450268,48.5548,0,7.1796,0.0450268
4.17,11.3734,0,-7.17005,0.0450268,48.6266,0,7.17005,0.0450268
4.18,11.3017,0,-7.16053,0.0450268,48.6266,0,7.17005,0.0450268
4.18,11.3017,0,-7.16053,0.0450268,48.6983,0,7.16053,0.0450268
4.19,11.2301,0,-7.15103,0.0450268,48.6983,0,7.16053,0.0450268
4.19,11.2301,0,-7.15103,0.0450268,48.7699,0,7.15103,0.0450268
4.2,11.1586,0,-7.14156,0.0450268,48.7699,0,7.15103,0.0450268
4.2,11.1586,0,-7.14156,0.0450268,48.8414,0,7.14156,0.0450268
4.21,11.0871,0,-7.13212,0.0450268,48.8414,0,7.14156,0.0450268
4.21,11.0871,0,-7.13212,0.0450268,48.9129,0,7.13212,0.0450268
4.22,11.0158,0,-7.1227,0.0450268,48.9129,0,7.13212,0.0450268
4.22,11.0158,0,-7.1227,0.0450268,48.9842,0,7.1227,0.0450268
4.23,10.9446,0,-7.1133,0.0450268,48.9842,0,7.1227,0.0450268
4.23,10.9446,0,-7.1133,0.0450268,49.0554,0,7.1133,0.0450268
4.24,10.8735,0,-7.10393,0.0450268,49.0554,0,7.1133,0.0450268
4.24,10.8735,0,-7.10393,0.0450268,49.1265,0,7.10393,0.0450268
4.25,10.8024,0,-7.09458,0.0450268,49.1265,0,7.10393,0.0450268
4.25,10.8024,0,-7.09458,0.0450268,49.1976,0,7.09458,0.0450268
4.26,10.7315,0,-7.08526,0.0450268,49.1976,0,7.09458,0.0450268
4.26,10.7315,0,-7.08526,0.0450268,49.2685,0,7.08526,0.0450268
4.27,10.6606,0,-7.07596,0.0450268,49.2685,0,7.08526,0.0450268
4.27,10.6606,0,-7.07596,0.0450268,49.3394,0,7.07596,0.0450268
4.28,10.5899,0,-7.06669,0.0450268,49.3394,0,7.07596,0.0450268
4.28,10.5899,0,-7.06669,0.0450268,49.4101,0,7.06669,0.0450268
4.29,10.5192,0,-7.05744,0.0450268,49.4101,0,7.06669,0.0450268
4.29,10.5192,0,-7.05744,0.0450268,49.4808,0,7.05744,0.0450268
4.3,10.4486,0,-7.04821,0.0450268,49.4808,0,7.05744,0.0450268
4.3,10.4486,0,-7.04821,0.0450268,49.5514,0,7.04821,0.0450268
4.31,10.3781,0,-7.03901,0.0450268,49.5514,0,7.04821,0.0450268
4.31,10.3781,0,-7.03901,0.0450268,49.6219,0,7.03901,0.0450268
4.32,10.3078,0,-7.02983,0.0450268,49.6219,0,7.03901,0.0450268
4.32,10.3078,0,-7.02983,0.0450268,49.6922,0,7.02983,0.0450268
4.33,10.2375,0,-7.02068,0.0450268,49.6922,0,7.02983,0.0450268
4.33,10.2375,0,-7.02068,0.0450268,49.7625,0,7.02068,0.0450268
4.34,10.1672,0,-7.01155,0.0450268,49.7625,0,7.02068,0.0450268
4.34,10.1672,0,-7.01155,0.0450268,49.8328,0,7.01155,0.0450268
4.35,10.0971,0,-7.00245,0.0450268,49.8328,0,7.01155,0.0450268
4.35,10.0971,0,-7.00245,0.0450268,49.9029,0,7.00245,0.0450268
4.36,10.0271,0,-6.99337,0.0450268,49.9029,0,7.00245,0.0450268
4.36,10.0271,0,-6.99337,0.0450268,49.9729,0,6.99337,0.0450268
4.37,9.95717,0,-6.98431,0.0450268,49.9729,0,6.99337,0.0450268
4.37,9.95717,0,-6.98431,0.0450268,50.0428,0,6.98431,0.0450268
4.38,9.88733,0,-6.97527,0.0450268,50.0428,0,6.98431,0.0450268
4.38,9.88733,0,-6.97527,0.0450268,50.1127,0,6.97527,0.0450268
4.39,9.81758,0,-6.96626,0.0450268,50.1127,0,6.97527,0.0450268
4.39,9.81758,0,-6.96626,0.0450268,50.1824,0,6.96626,0.0450268
4.4,9.74792,0,-6.95727,0.0450268,50.1824,0,6.96626,0.0450268
4.4,9.74792,0,-6.95727,0.0450268,50.2521,0,6.95727,0.0450268
4.41,9.67834,0,-6.94831,0.0450268,50.2521,0,6.95727,0.0450268
4.41,9.67834,0,-6.94831,0.0450268,50.3217,0,6.94831,0.0450268
4.42,9.60886,0,-6.93937,0.0450268,50.3217,0,6.94831,0.0450268
4.42,9.60886,0,-6.93937,0.0450268,50.3911,0,6.93937,0.0450268
4.43,9.53947,0,-6.93045,0.0450268,50.3911,0,6.93937,0.0450268
4.43,9.53947,0,-6.93045,0.0450268,50.4605,0,6.93045,0.0450268
4.44,9.47016,0,-6.92155,0.0450268,50.4605,0,6.93045,0.0450268
4.44,9.47016,0,-6.92155,0.0450268,50.5298,0,6.92155,0.0450268
4.45,9.40095,0,-6.91268,0.0450268,50.5298,0,6.92155,0.0450268
4.45,9.40095,0,-6.91268,0.0450268,50.5991,0,6.91268,0.0450268
4.46,9.33182,0,-6.90383,0.0450268,50.5991,0,6.91268,0.0450268
4.46,9.33182,0,-6.90383,0.0450268,50.6682,0,6.90383,0.0450268
4.47,9.26278,0,-6.895,0.0450268,50.6682,0,6.90383,0.0450268
4.47,9.26278,0,-6.895,0.0450268,50.7372,0,6.895,0.0450268
4.48,9.19383,0,-6.88619,0.0450268,50.7372,0,6.895,0.0450268
4.48,9.19383,0,-6.88619,0.0450268,50.8062,0,6.88619,0.0450268
4.49,9.12497,0,-6.87741,0.0450268,50.8062,0,6.88619,0.0450268
4.49,9.12497,0,-6.87741,0.0450268,50.875,0,6.87741,0.0450268
4.5,9.05619,0,-6.86865,0.0450268,50.875,0,6.87741,0.0450268
4.5,9.05619,0,-6.86865,0.0450268,50.9438,0,6.86865,0.0450268
4.51,8.98751,0,-6.85991,0.0450268,50.9438,0,6.86865,0.0450268
4.51,8.98751,0,-6.85991,0.0450268,51.0125,0,6.85991,0.0450268
4.52,8.91891,0,-6.8512,0.0450268,51.0125,0,6.85991,0.0450268
4.52,8.91891,0,-6.8512,0.0450268,51.0811,0,6.8512,0.0450268
4.53,8.8504,0,-6.8425,0.0450268,51.0811,0,6.8512,0.0450268
4.53,8.8504,0,-6.8425,0.0450268,51.1496,0,6.8425,0.0450268
4.54,8.78197,0,-6.83383,0.0450268,51.1496,0,6.8425,0.0450268
4.54,8.78197,0,-6.83383,0.0450268,51.218,0,6.83383,0.0450268
4.55,8.71363,0,-6.82518,0.0450268,51.218,0,6.83383,0.0450268
4.55,8.71363,0,-6.82518,0.0450268,51.2864,0,6.82518,0.0450268
4.56,8.64538,0,-6.81655,0.0450268,51.2864,0,6.82518,0.0450268
4.56,8.64538,0,-6.81655,0.0450268,51.3546,0,6.81655,0.0450268
4.57,8.57722,0,-6.80795,0.0450268,51.3546,0,6.81655,0.0450268
4.57,8.57722,0,-6.80795,0.0450268,51.4228,0,6.80795,0.0450268
4.58,8.50914,0,-6.79936,0.0450268,51.4228,0,6.80795,0.0450268
4.58,8.50914,0,-6.79936,0.0450268,51.4909,0,6.79936,0.0450268
4.59,8.44114,0,-6.7908,0.0450268,51.4909,0,6.79936,0.0450268
4.59,8.44114,0,-6.7908,0.0450268,51.5589,0,6.7908,0.0450268
4.6,8.37324,0,-6.78226,0.0450268,51.5589,0,6.7908,0.0450268
4.6,8.37324,0,-6.78226,0.0450268,51.6268,0,6.78226,0.0450268
4.61,8.30541,0,-6.77374,0.0450268,51.6268,0,6.78226,0.0450268
4.61,8.30541,0,-6.77374,0.0450268,51.6946,0,6.77374,0.0450268
4.62,8.23768,0,-6.76524,0.0450268,51.6946,0,6.77374,0.0450268
4.62,8.23768,0,-6.76524,0.0450268,51.7623,0,6.76524,0.0450268
4.63,8.17002,0,-6.75677,0.0450268,51.7623,0,6.76524,0.0450268
4.63,8.17002,0,-6.75677,0.0450268,51.83,0,6.75677,0.0450268
4.64,8.10246,0,-6.74831,0.0450268,51.83,0,6.75677,0.0450268
4.64,8.10246,0,-6.74831,0.0450268,51.8975,0,6.74831,0.0450268
4.65,8.03497,0,-6.73988,0.0450268,51.8975,0,6.74831,0.0450268
4.65,8.03497,0,-6.73988,0.0450268,51.965,0,6.73988,0.0450268
4.66,7.96757,0,-6.73146,0.0450268,51.965,0,6.73988,0.0450268
4.66,7.96757,0,-6.73146,0.0450268,52.0324,0,6.73146,0.0450268
4.67,7.90026,0,-6.72307,0.0450268,52.0324,0,6.73146,0.0450268
4.67,7.90026,0,-6.72307,0.0450268,52.0997,0,6.72307,0.0450268
4.68,7.83303,0,-6.7147,0.0450268,52.0997,0,6.72307,0.0450268
4.68,7.83303,0,-6.7147,0.0450268,52.167,0,6.7147,0.0450268
4.69,7.76588,0,-6.70635,0.0450268,52.167,0,6.7147,0.0450268
4.69,7.76588,0,-6.70635,0.0450268,52.2341,0,6.70635,0.0450268
4.7,7.69882,0,-6.69802,0.0450268,52.2341,0,6.70635,0.0450268
4.7,7.69882,0,-6.69802,0.0450268,52.3012,0,6.69802,0.0450268
4.71,7.63184,0,-6.68971,0.0450268,52.3012,0,6.69802,0.0450268
4.71,7.63184,0,-6.68971,0.0450268,52.3682,0,6.68971,0.0450268
4.72,7.56494,0,-6.68142,0.0450268,52.3682,0,6.68971,0.0450268
4.72,7.56494,0,-6.68142,0.0450268,52.4351,0,6.68142,0.0450268
4.73,7.49813,0,-6.67315,0.0450268,52.4351,0,6.68142,0.0450268
4.73,7.49813,0,-6.67315,0.0450268,52.5019,0,6.67315,0.0450268
4.74,7.43139,0,-6.6649,0.0450268,52.5019,0,6.67315,0.0450268
4.74,7.43139,0,-6.6649,0.0450268,52.5686,0,6.6649,0.0450268
4.75,7.36475,0,-6.65668,0.0450268,52.5686,0,6.6649,0.0450268
4.75,7.36475,0,-6.65668,0.0450268,52.6353,0,6.65668,0.0450268
4.76,7.29818,0,-6.64847,0.0450268,52.6353,0,6.65668,0.0450268
4.76,7.29818,0,-6.64847,0.0450268,52.7018,0,6.64847,0.0450268
4.77,7.23169,0,-6.64028,0.0450268,52.7018,0,6.64847,0.0450268
4.77,7.23169,0,-6.64028,0.0450268,52.7683,0,6.64028,0.0450268
4.78,7.16529,0,-6.63212,0.0450268,52.7683,0,6.64028,0.0450268
4.78,7.16529,0,-6.63212,0.0450268,52.8347,0,6.63212,0.0450268
4.79,7.09897,0,-6.62397,0.0450268,52.8347,0,6.63212,0.0450268
4.79,7.09897,0,-6.62397,0.0450268,52.901,0,6.62397,0.0450268
4.8,7.03273,0,-6.61584,0.0450268,52.901,0,6.62397,0.0450268
4.8,7.03273,0,-6.61584,0.0450268,52.9673,0,6.61584,0.0450268
4.81,6.96657,0,-6.60774,0.0450268,52.9673,0,6.61584,0.0450268
4.81,6.96657,0,-6.60774,0.0450268,53.0334,0,6.60774,0.0450268
4.82,6.90049,0,-6.59965,0.0450268,53.0334,0,6.60774,0.0450268
4.82,6.90049,0,-6.59965,0.0450268,53.0995,0,6.59965,0.0450268
4.83,6.8345,0,-6.59158,0.0450268,53.0995,0,6.59965,0.0450268
4.83,6.8345,0,-6.59158,0.0450268,53.1655,0,6.59158,0.0450268
4.84,6.76858,0,-6.58353,0.0450268,53.1655,0,6.59158,0.0450268
4.84,6.76858,0,-6.58353,0.0450268,53.2314,0,6.58353,0.0450268
4.85,6.70275,0,-6.57551,0.0450268,53.2314,0,6.58353,0.0450268
4.85,6.70275,0,-6.57551,0.0450268,53.2973,0,6.57551,0.0450268
4.86,6.63699,0,-6.5675,0.0450268,53.2973,0,6.57551,0.0450268
4.86,6.63699,0,-6.5675,0.0450268,53.363,0,6.5675,0.0450268
4.87,6.57132,0,-6.55951,0.0450268,53.363,0,6.5675,0.0450268
4.87,6.57132,0,-6.55951,0.0450268,53.4287,0,6.55951,0.0450268
4.88,6.50572,0,-6.55154,0.0450268,53.4287,0,6.55951,0.0450268
4.88,6.50572,0,-6.55154,0.0450268,53.4943,0,6.55154,0.0450268
4.89,6.44021,0,-6.54359,0.0450268,53.4943,0,6.55154,0.0450268
4.89,6.44021,0,-6.54359,0.0450268,53.5598,0,6.54359,0.0450268
4.9,6.37477,0,-6.53566,0.0450268,53.5598,0,6.54359,0.0450268
4.9,6.37477,0,-6.53566,0.0450268,53.6252,0,6.53566,0.0450268
4.91,6.30941,0,-6.52775,0.0450268,53.6252,0,6.53566,0.0450268
4.91,6.30941,0,-6.52775,0.0450268,53.6906,0,6.52775,0.0450268
4.92,6.24414,0,-6.51986,0.0450268,53.6906,0,6.52775,0.0450268
4.92,6.24414,0,-6.51986,0.0450268,53.7559,0,6.51986,0.0450268
4.93,6.17894,0,-6.51198,0.0450268,53.7559,0,6.51986,0.0450268
4.93,6.17894,0,-6.51198,0.0450268,53.8211,0,6.51198,0.0450268
4.94,6.11382,0,-6.50413,0.0450268,53.8211,0,6.51198,0.0450268
4.94,6.11382,0,-6.50413,0.0450268,53.8862,0,6.50413,0.0450268
4.95,6.04878,0,-6.49629,0.0450268,53.8862,0,6.50413,0.0450268
4.95,6.04878,0,-6.49629,0.0450268,53.9512,0,6.49629,0.0450268
4.96,5.98381,0,-6.48848,0.0450268,53.9512,0,6.49629,0.0450268
4.96,5.98381,0,-6.48848,0.0450268,54.0162,0,6.48848,0.0450268
4.97,5.91893,0,-6.48068,0.0450268,54.0162,0,6.48848,0.0450268
4.97,5.91893,0,-6.48068,0.0450268,54.0811,0,6.48068,0.0450268
4.98,5.85412,0,-6.4729,0.0450268,54.0811,0,6.48068,0.0450268
4.98,5.85412,0,-6.4729,0.0450268,54.1459,0,6.4729,0.0450268
4.99,5.78939,0,-6.46514,0.0450268,54.1459,0,6.4729,0.0450268
4.99,5.78939,0,-6.46514,0.0450268,54.2106,0,6.46514,0.0450268
5,5.72474,0,-6.4574,0.0450268,54.2106,0,6.46514,0.0450268
5,5.72474,0,-6.4574,0.0450268,54.2753,0,6.4574,0.0450268
5.01,5.66017,0,-6.44968,0.0450268,54.2753,0,6.4574,0.0450268
5.01,5.66017,0,-6.44968,0.0450268,54.3398,0,6.44968,0.0450268
5.02,5.59567,0,-6.44197,0.0450268,54.3398,0,6.44968,0.0450268
5.02,5.59567,0,-6.44197,0.0450268,54.4043,0,6.44197,0.0450268
5.03,5.53125,0,-6.43429,0.0450268,54.4043,0,6.44197,0.0450268
5.03,5.53125,0,-6.43429,0.0450268,54.4687,0,6.43429,0.0450268
5.04,5.46691,0,-6.42662,0.0450268,54.4687,0,6.43429,0.0450268
5.04,5.46691,0,-6.42662,0.0450268,54.5331,0,6.42662,0.0450268
5.05,5.40264,0,-6.41897,0.0450268,54.5331,0,6.42662,0.0450268
5.05,5.40264,0,-6.41897,0.0450268,54.5974,0,6.41897,0.0450268
5.06,5.33845,0,-6.41134,0.0450268,54.5974,0,6.41897,0.0450268
5.06,5.33845,0,-6.41134,0.0450268,54.6615,0,6.41134,0.0450268
5.07,5.27434,0,-6.40372,0.0450268,54.6615,0,6.41134,0.0450268
5.07,5.27434,0,-6.40372,0.0450268,54.7257,0,6.40372,0.0450268
5.08,5.2103,0,-6.39613,0.0450268,54.7257,0,6.40372,0.0450268
5.08,5.2103,0,-6.39613,0.0450268,54.7897,0,6.39613,0.0450268
5.09,5.14634,0,-6.38855,0.0450268,54.7897,0,6.39613,0.0450268
5.09,5.14634,0,-6.38855,0.0450268,54.8537,0,6.38855,0.0450268
5.1,5.08245,0,-6.38099,0.0450268,54.8537,0,6.38855,0.0450268
5.1,5.08245,0,-6.38099,0.0450268,54.9175,0,6.38099,0.0450268
5.11,5.01864,0,-6.37345,0.0450268,54.9175,0,6.38099,0.0450268
5.11,5.01864,0,-6.37345,0.0450268,54.9814,0,6.37345,0.0450268
5.12,4.95491,0,-6.36593,0.0450268,54.9814,0,6.37345,0.0450268
5.12,4.95491,0,-6.36593,0.0450268,55.0451,0,6.36593,0.0450268
5.13,4.89125,0,-6.35842,0.0450268,55.0451,0,6.36593,0.0450268
5.13,4.89125,0,-6.35842,0.0450268,55.1087,0,6.35842,0.0450268
5.14,4.82767,0,-6.35093,0.0450268,55.1087,0,6.35842,0.0450268
5.14,4.82767,0,-6.35093,0.0450268,55.1723,0,6.35093,0.0450268
5.15,4.76416,0,-6.34346,0.0450268,55.1723,0,6.35093,0.0450268
5.15,4.76416,0,-6.34346,0.0450268,55.2358,0,6.34346,0.0450268
5.16,4.70072,0,-6.33601,0.0450268,55.2358,0,6.34346,0.0450268
5.16,4.70072,0,-6.33601,0.0450268,55.2993,0,6.33601,0.0450268
5.17,4.63736,0,-6.32858,0.0450268,55.2993,0,6.33601,0.0450268
5.17,4.63736,0,-6.32858,0.0450268,55.3626,0,6.32858,0.0450268
5.18,4.57408,0,-6.32116,0.0450268,55.3626,0,6.32858,0.0450268
5.18,4.57408,0,-6.32116,0.0450268,55.4259,0,6.32116,0.0450268
5.19,4.51087,0,-6.31376,0.0450268,55.4259,0,6.32116,0.0450268
5.19,4.51087,0,-6.31376,0.0450268,55.4891,0,6.31376,0.0450268
5.2,4.44773,0,-6.30637,0.0450268,55.4891,0,6.31376,0.0450268
5.2,4.44773,0,-6.30637,0.0450268,55.5523,0,6.30637,0.0450268
5.21,4.38466,0,-6.29901,0.0450268,55.5523,0,6.30637,0.0450268
5.21,4.38466,0,-6.29901,0.0450268,55.6153,0,6.29901,0.0450268
5.22,4.32167,0,-6.29166,0.0450268,55.6153,0,6.29901,0.0450268
5.22,4.32167,0,-6.29166,0.0450268,55.6783,0,6.29166,0.0450268
5.23,4.25876,0,-6.28433,0.0450268,55.6783,0,6.29166,0.0450268
5.23,4.25876,0,-6.28433,0.0450268,55.7412,0,6.28433,0.0450268
5.24,4.19591,0,-6.27701,0.0450268,55.7412,0,6.28433,0.0450268
5.24,4.19591,0,-6.27701,0.0450268,55.8041,0,6.27701,0.0450268
5.25,4.13314,0,-6.26972,0.0450268,55.8041,0,6.27701,0.0450268
5.25,4.13314,0,-6.26972,0.0450268,55.8669,0,6.26972,0.0450268
5.26,4.07045,0,-6.26244,0.0450268,55.8669,0,6.26972,0.0450268
5.26,4.07045,0,-6.26244,0.0450268,55.9296,0,6.26244,0.0450268
5.27,4.00782,0,-6.25517,0.0450268,55.9296,0,6.26244,0.0450268
5.27,4.00782,0,-6.25517,0.0450268,55.9922,0,6.25517,0.0450268
5.28,3.94527,0,-6.24792,0.0450268,55.9922,0,6.25517,0.0450268
5.28,3.94527,0,-6.24792,0.0450268,56.0547,0,6.24792,0.0450268
5.29,3.88279,0,-6.24069,0.0450268,56.0547,0,6.24792,0.0450268
5.29,3.88279,0,-6.24069,0.0450268,56.1172,0,6.24069,0.0450268
5.3,3.82038,0,-6.23348,0.0450268,56.1172,0,6.24069,0.0450268
5.3,3.82038,0,-6.23348,0.0450268,56.1796,0,6.23348,0.0450268
5.31,3.75805,0,-6.22628,0.0450268,56.1796,0,6.23348,0.0450268
5.31,3.75805,0,-6.22628,0.0450268,56.242,0,6.22628,0.0450268
5.32,3.69579,0,-6.2191,0.0450268,56.242,0,6.22628,0.0450268
5.32,3.69579,0,-6.2191,0.0450268,56.3042,0,6.2191,0.0450268
5.33,3.6336,0,-6.21194,0.0450268,56.3042,0,6.2191,0.0450268
5.33,3.6336,0,-6.21194,0.0450268,56.3664,0,6.21194,0.0450268
5.34,3.57148,0,-6.20479,0.0450268,56.3664,0,6.21194,0.0450268
5.34,3.57148,0,-6.20479,0.0450268,56.4285,0,6.20479,0.0450268
5.35,3.50943,0,-6.19766,0.0450268,56.4285,0,6.20479,0.0450268
5.35,3.50943,0,-6.19766,0.0450268,56.4906,0,6.19766,0.0450268
5.36,3.44745,0,-6.19055,0.0450268,56.4906,0,6.19766,0.0450268
5.36,3.44745,0,-6.19055,0.0450268,56.5525,0,6.19055,0.0450268
5.37,3.38555,0,-6.18345,0.0450268,56.5525,0,6.19055,0.0450268
5.37,3.38555,0,-6.18345,0.0450268,56.6145,0,6.18345,0.0450268
5.38,3.32371,0,-6.17637,0.0450268,56.6145,0,6.18345,0.0450268
5.38,3.32371,0,-6.17637,0.0450268,56.6763,0,6.17637,0.0450268
5.39,3.26195,0,-6.1693,0.0450268,56.6763,0,6.17637,0.0450268
5.39,3.26195,0,-6.1693,0.0450268,56.7381,0,6.1693,0.0450268
5.4,3.20026,0,-6.16225,0.0450268,56.7381,0,6.1693,0.0450268
5.4,3.20026,0,-6.16225,0.0450268,56.7997,0,6.16225,0.0450268
5.41,3.13863,0,-6.15522,0.0450268,56.7997,0,6.16225,0.0450268
5.41,3.13863,0,-6.15522,0.0450268,56.8614,0,6.15522,0.0450268
5.42,3.07708,0,-6.1482,0.0450268,56.8614,0,6.15522,0.0450268
5.42,3.07708,0,-6.1482,0.0450268,56.9229,0,6.1482,0.0450268
5.43,3.0156,0,-6.1412,0.0450268,56.9229,0,6.1482,0.0450268
5.43,3.0156,0,-6.1412,0.0450268,56.9844,0,6.1412,0.0450268
5.44,2.95419,0,-6.13422,0.0450268,56.9844,0,6.1412,0.0450268
5.44,2.95419,0,-6.13422,0.0450268,57.0458,0,6.13422,0.0450268
5.45,2.89284,0,-6.12725,0.0450268,57.0458,0,6.13422,0.0450268
5.45,2.89284,0,-6.12725,0.0450268,57.1072,0,6.12725,0.0450268
5.46,2.83157,0,-6.1203,0.0450268,57.1072,0,6.12725,0.0450268
5.46,2.83157,0,-6.1203,0.0450268,57.1684,0,6.1203,0.0450268
5.47,2.77037,0,-6.11336,0.0450268,57.1684,0,6.1203,0.0450268
5.47,2.77037,0,-6.11336,0.0450268,57.2296,0,6.11336,0.0450268
5.48,2.70924,0,-6.10644,0.0450268,57.2296,0,6.11336,0.0450268
5.48,2.70924,0,-6.10644,0.0450268,57.2908,0,6.10644,0.0450268
5.49,2.64817,0,-6.09953,0.0450268,57.2908,0,6.10644,0.0450268
5.49,2.64817,0,-6.09953,0.0450268,57.3518,0,6.09953,0.0450268
5.5,2.58718,0,-6.09264,0.0450268,57.3518,0,6.09953,0.0450268
5.5,2.58718,0,-6.09264,0.0450268,57.4128,0,6.09264,0.0450268
5.51,2.52625,0,-6.08576,0.0450268,57.4128,0,6.09264,0.0450268
5.51,2.52625,0,-6.08576,0.0450268,57.4738,0,6.08576,0.0450268
5.52,2.46539,0,-6.0789,0.0450268,57.4738,0,6.08576,0.0450268
5.52,2.46539,0,-6.0789,0.0450268,57.5346,0,6.0789,0.0450268
5.53,2.4046,0,-6.07206,0.0450268,57.5346,0,6.0789,0.0450268
5.53,2.4046,0,-6.07206,0.0450268,57.5954,0,6.07206,0.0450268
5.54,2.34388,0,-6.06523,0.0450268,57.5954,0,6.07206,0.0450268
5.54,2.34388,0,-6.06523,0.0450268,57.6561,0,6.06523,0.0450268
5.55,2.28323,0,-6.05842,0.0450268,57.6561,0,6.06523,0.0450268
5.55,2.28323,0,-6.05842,0.0450268,57.7168,0,6.05842,0.0450268
5.56,2.22265,0,-6.05162,0.0450268,57.7168,0,6.05842,0.0450268
5.56,2.22265,0,-6.05162,0.0450268,57.7774,0,6.05162,0.0450268
5.57,2.16213,0,-6.04484,0.0450268,57.7774,0,6.05162,0.0450268
5.57,2.16213,0,-6.04484,0.0450268,57.8379,0,6.04484,0.0450268
5.58,2.10168,0,-6.03807,0.0450268,57.8379,0,6.04484,0.0450268
5.58,2.10168,0,-6.03807,0.0450268,57.8983,0,6.03807,0.0450268
5.59,2.0413,0,-6.03132,0.0450268,57.8983,0,6.03807,0.0450268
5.59,2.0413,0,-6.03132,0.0450268,57.9587,0,6.03132,0.0450268
5.6,1.98099,0,-6.02458,0.0450268,57.9587,0,6.03132,0.0450268
5.6,1.98099,0,-6.02458,0.0450268,58.019,0,6.02458,0.0450268
5.61,1.92074,0,-6.01786,0.0450268,58.019,0,6.02458,0.0450268
5.61,1.92074,0,-6.01786,0.0450268,58.0793,0,6.01786,0.0450268
5.62,1.86056,0,-6.01115,0.0450268,58.0793,0,6.01786,0.0450268
5.62,1.86056,0,-6.01115,0.0450268,58.1394,0,6.01115,0.0450268
5.63,1.80045,0,-6.00446,0.0450268,58.1394,0,6.01115,0.0450268
5.63,1.80045,0,-6.00446,0.0450268,58.1995,0,6.00446,0.0450268
5.64,1.74041,0,-5.99778,0.0450268,58.1995,0,6.00446,0.0450268
5.64,1.74041,0,-5.99778,0.0450268,58.2596,0,5.99778,0.0450268
5.65,1.68043,0,-5.99112,0.0450268,58.2596,0,5.99778,0.0450268
5.65,1.68043,0,-5.99112,0.0450268,58.3196,0,5.99112,0.0450268
5.66,1.62052,0,-5.98447,0.0450268,58.3196,0,5.99112,0.0450268
5.66,1.62052,0,-5.98447,0.0450268,58.3795,0,5.98447,0.0450268
5.67,1.56067,0,-5.97784,0.0450268,58.3795,0,5.98447,0.0450268
5.67,1.56067,0,-5.97784,0.0450268,58.4393,0,5.97784,0.0450268
5.68,1.50089,0,-5.97122,0.0450268,58.4393,0,5.97784,0.0450268
5.68,1.50089,0,-5.97122,0.0450268,58.4991,0,5.97122,0.0450268
5.69,1.44118,0,-5.96461,0.0450268,58.4991,0,5.97122,0.0450268
5.69,1.44118,0,-5.96461,0.0450268,58.5588,0,5.96461,0.0450268
5.7,1.38154,0,-5.95802,0.0450268,58.5588,0,5.96461,0.0450268
5.7,1.38154,0,-5.95802,0.0450268,58.6185,0,5.95802,0.0450268
5.71,1.32196,0,-5.95145,0.0450268,58.6185,0,5.95802,0.0450268
5.71,1.32196,0,-5.95145,0.0450268,58.678,0,5.95145,0.0450268
5.72,1.26244,0,-5.94489,0.0450268,58.678,0,5.95145,0.0450268
5.72,1.26244,0,-5.94489,0.0450268,58.7376,0,5.94489,0.0450268
5.73,1.20299,0,-5.93834,0.0450268,58.7376,0,5.94489,0.0450268
5.73,1.20299,0,-5.93834,0.0450268,58.797,0,5.93834,0.0450268
5.74,1.14361,0,-5.93181,0.0450268,58.797,0,5.93834,0.0450268
5.74,1.14361,0,-5.93181,0.0450268,58.8564,0,5.93181,0.0450268
5.75,1.08429,0,-5.92529,0.0450268,58.8564,0,5.93181,0.0450268
5.75,1.08429,0,-5.92529,0.0450268,58.9157,0,5.92529,0.0450268
5.76,1.02504,0,-5.91879,0.0450268,58.9157,0,5.92529,0.0450268
5.76,1.02504,0,-5.91879,0.0450268,58.975,0,5.91879,0.0450268
5.77,0.96585,0,-5.9123,0.0450268,58.975,0,5.91879,0.0450268
5.77,0.96585,0,-5.9123,0.0450268,59.0341,0,5.9123,0.0450268
5.78,0.906727,0,-5.90583,0.0450268,59.0341,0,5.9123,0.0450268
5.78,0.906727,0,-5.90583,0.0450268,59.0933,0,5.90583,0.0450268
5.79,0.847669,0,-5.89937,0.0450268,59.0933,0,5.90583,0.0450268
5.79,0.847669,0,-5.89937,0.0450268,59.1523,0,5.89937,0.0450268
5.8,0.788675,0,-5.89292,0.0450268,59.1523,0,5.89937,0.0450268
5.8,0.788675,0,-5.89292,0.0450268,59.2113,0,5.89292,0.0450268
5.81,0.729746,0,-5.88649,0.0450268,59.2113,0,5.89292,0.0450268
5.81,0.729746,0,-5.88649,0.0450268,59.2703,0,5.88649,0.0450268
5.82,0.670881,0,-5.88007,0.0450268,59.2703,0,5.88649,0.0450268
5.82,0.670881,0,-5.88007,0.0450268,59.3291,0,5.88007,0.0450268
5.83,0.61208,0,-5.87367,0.0450268,59.3291,0,5.88007,0.0450268
5.83,0.61208,0,-5.87367,0.0450268,59.3879,0,5.87367,0.0450268
5.84,0.553344,0,-5.86728,0.0450268,59.3879,0,5.87367,0.0450268
5.84,0.553344,0,-5.86728,0.0450268,59.4467,0,5.86728,0.0450268
5.85,0.494671,0,-5.8609,0.0450268,59.4467,0,5.86728,0.0450268
5.85,0.494671,0,-5.8609,0.0450268,59.5053,0,5.8609,0.0450268
5.86,0.436062,0,-5.85454,0.0450268,59.5053,0,5.8609,0.0450268
5.86,0.436062,0,-5.85454,0.0450268,59.5639,0,5.85454,0.0450268
5.87,0.377516,0,-5.84819,0.0450268,59.5639,0,5.85454,0.0450268
5.87,0.377516,0,-5.84819,0.0450268,59.6225,0,5.84819,0.0450268
5.88,0.319034,0,-5.84186,0.0450268,59.6225,0,5.84819,0.0450268
5.88,0.319034,0,-5.84186,0.0450268,59.681,0,5.84186,0.0450268
5.89,0.260616,0,-5.83554,0.0450268,59.681,0,5.84186,0.0450268
5.89,0.260616,0,-5.83554,0.0450268,59.7394,0,5.83554,0.0450268
5.9,0.20226,0,-5.82923,0.0450268,59.7394,0,5.83554,0.0450268
5.9,0.20226,0,-5.82923,0.0450268,59.7977,0,5.82923,0.0450268
5.91,0.143968,0,-5.82294,0.0450268,59.7977,0,5.82923,0.0450268
5.91,0.143968,0,-5.82294,0.0450268,59.856,0,5.82294,0.0450268
5.92,0.0857386,0,-5.81666,0.0450268,59.856,0,5.82294,0.0450268
5.92,0.0857386,0,-5.81666,0.0450268,59.9143,0,5.81666,0.0450268
5.93,0.027572,0,-5.81039,0.0450268,59.9143,0,5.81666,0.0450268
5.93,0.027572,0,-5.81039,0.0450268,59.9724,0,5.81039,0.0450268
5.94,-0.0305319,0,-5.80414,0.0450268,59.9724,0,5.81039,0.0450268
5.94,-0.0305319,0,-5.80414,0.0450268,60.0305,0,5.80414,0.0450268
5.95,-0.0885733,0,-5.7979,0.0450268,60.0305,0,5.80414,0.0450268
5.95,-0.0885733,0,-5.7979,0.0450268,60.0886,0,5.7979,0.0450268
5.96,-0.146552,0,-5.79167,0.0450268,60.0886,0,5.7979,0.0450268
5.96,-0.146552,0,-5.79167,0.0450268,60.1466,0,5.79167,0.0450268
5.97,-0.204469,0,-5.78546,0.0450268,60.1466,0,5.79167,0.0450268
5.97,-0.204469,0,-5.78546,0.0450268,60.2045,0,5.78546,0.0450268
5.98,-0.262324,0,-5.77926,0.0450268,60.2045,0,5.78546,0.0450268
5.98,-0.262324,0,-5.77926,0.0450268,60.2623,0,5.77926,0.0450268
5.99,-0.320116,0,-5.77308,0.0450268,60.2623,0,5.77926,0.0450268
5.99,-0.320116,0,-5.77308,0.0450268,60.3201,0,5.77308,0.0450268
6,-0.377847,0,-5.7669,0.0450268,60.3201,0,5.77308,0.0450268
6,-0.377847,0,-5.7669,0.0450268,60.3778,0,5.7669,0.0450268
6.01,-0.435516,0,-5.76074,0.0450268,60.3778,0,5.7669,0.0450268
6.01,-0.435516,0,-5.76074,0.0450268,60.4355,0,5.76074,0.0450268
6.02,-0.493123,0,-5.7546,0.0450268,60.4355,0,5.76074,0.0450268
6.02,-0.493123,0,-5.7546,0.0450268,60.4931,0,5.7546,0.0450268
6.03,-0.550669,0,-5.74846,0.0450268,60.4931,0,5.7546,0.0450268
6.03,-0.550669,0,-5.74846,0.0450268,60.5507,0,5.74846,0.0450268
6.04,-0.608154,0,-5.74234,0.0450268,60.5507,0,5.74846,0.0450268
6.04,-0.608154,0,-5.74234,0.0450268,60.6082,0,5.74234,0.0450268
6.05,-0.665577,0,-5.73624,0.0450268,60.6082,0,5.74234,0.0450268
6.05,-0.665577,0,-5.73624,0.0450268,60.6656,0,5.73624,0.0450268
6.06,-0.72294,0,-5.73014,0.0450268,60.6656,0,5.73624,0.0450268
6.06,-0.72294,0,-5.73014,0.0450268,60.7229,0,5.73014,0.0450268
6.07,-0.780241,0,-5.72406,0.0450268,60.7229,0,5.73014,0.0450268
6.07,-0.780241,0,-5.72406,0.0450268,60.7802,0,5.72406,0.0450268
6.08,-0.837482,0,-5.71799,0.0450268,60.7802,0,5.72406,0.0450268
6.08,-0.837482,0,-5.71799,0.0450268,60.8375,0,5.71799,0.0450268
6.09,-0.894662,0,-5.71194,0.0450268,60.8375,0,5.71799,0.0450268
6.09,-0.894662,0,-5.71194,0.0450268,60.8947,0,5.71194,0.0450268
6.1,-0.951781,0,-5.70589,0.0450268,60.8947,0,5.71194,0.0450268
6.1,-0.951781,0,-5.70589,0.0450268,60.9518,0,5.70589,0.0450268
6.11,-1.00884,0,-5.69986,0.0450268,60.9518,0,5.70589,0.0450268
6.11,-1.00884,0,-5.69986,0.0450268,61.0088,0,5.69986,0.0450268
6.12,-1.06584,0,-5.69385,0.0450268,61.0088,0,5.69986,0.0450268
6.12,-1.06584,0,-5.69385,0.0450268,61.0658,0,5.69385,0.0450268
6.13,-1.12278,0,-5.68784,0.0450268,61.0658,0,5.69385,0.0450268
6.13,-1.12278,0,-5.68784,0.0450268,61.1228,0,5.68784,0.0450268
6.14,-1.17966,0,-5.68185,0.0450268,61.1228,0,5.68784,0.0450268
6.14,-1.17966,0,-5.68185,0.0450268,61.1797,0,5.68185,0.0450268
6.15,-1.23647,0,-5.67587,0.0450268,61.1797,0,5.68185,0.0450268
6.15,-1.23647,0,-5.67587,0.0450268,61.2365,0,5.67587,0.0450268
6.16,-1.29323,0,-5.6699,0.0450268,61.2365,0,5.67587,0.0450268
6.16,-1.29323,0,-5.6699,0.0450268,61.2932,0,5.6699,0.0450268
6.17,-1.34993,0,-5.66395,0.0450268,61.2932,0,5.6699,0.0450268
6.17,-1.34993,0,-5.66395,0.0450268,61.3499,0,5.66395,0.0450268
6.18,-1.40657,0,-5.65801,0.0450268,61.3499,0,5.66395,0.0450268
6.18,-1.40657,0,-5.65801,0.0450268,61.4066,0,5.65801,0.0450268
6.19,-1.46315,0,-5.65208,0.0450268,61.4066,0,5.65801,0.0450268
6.19,-1.46315,0,-5.65208,0.0450268,61.4632,0,5.65208,0.0450268
6.2,-1.51967,0,-5.64616,0.0450268,61.4632,0,5.65208,0.0450268
6.2,-1.51967,0,-5.64616,0.0450268,61.5197,0,5.64616,0.0450268
6.21,-1.57613,0,-5.64026,0.0450268,61.5197,0,5.64616,0.0450268
6.21,-1.57613,0,-5.64026,0.0450268,61.5761,0,5.64026,0.0450268
6.22,-1.63254,0,-5.63436,0.0450268,61.5761,0,5.64026,0.0450268
6.22,-1.63254,0,-5.63436,0.0450268,61.6325,0,5.63436,0.0450268
6.23,-1.68888,0,-5.62848,0.0450268,61.6325,0,5.63436,0.0450268
6.23,-1.68888,0,-5.62848,0.0450268,61.6889,0,5.62848,0.0450268
6.24,-1.74516,0,-5.62262,0.0450268,61.6889,0,5.62848,0.0450268
6.24,-1.74516,0,-5.62262,0.0450268,61.7452,0,5.62262,0.0450268
6.25,-1.80139,0,-5.61676,0.0450268,61.7452,0,5.62262,0.0450268
6.25,-1.80139,0,-5.61676,0.0450268,61.8014,0,5.61676,0.0450268
6.26,-1.85756,0,-5.61092,0.0450268,61.8014,0,5.61676,0.0450268
6.26,-1.85756,0,-5.61092,0.0450268,61.8576,0,5.61092,0.0450268
6.27,-1.91367,0,-5.60509,0.0450268,61.8576,0,5.61092,0.0450268
6.27,-1.91367,0,-5.60509,0.0450268,61.9137,0,5.60509,0.0450268
6.28,-1.96972,0,-5.59927,0.0450268,61.9137,0,5.60509,0.0450268
6.28,-1.96972,0,-5.59927,0.0450268,61.9697,0,5.59927,0.0450268
6.29,-2.02571,0,-5.59346,0.0450268,61.9697,0,5.59927,0.0450268
6.29,-2.02571,0,-5.59346,0.0450268,62.0257,0,5.59346,0.0450268
6.3,-2.08165,0,-5.58767,0.0450268,62.0257,0,5.59346,0.0450268
6.3,-2.08165,0,-5.58767,0.0450268,62.0816,0,5.58767,0.0450268
6.31,-2.13752,0,-5.58188,0.0450268,62.0816,0,5.58767,0.0450268
6.31,-2.13752,0,-5.58188,0.0450268,62.1375,0,5.58188,0.0450268
6.32,-2.19334,0,-5.57611,0.0450268,62.1375,0,5.58188,0.0450268
6.32,-2.19334,0,-5.57611,0.0450268,62.1933,0,5.57611,0.0450268
6.33,-2.2491,0,-5.57035,0.0450268,62.1933,0,5.57611,0.0450268
6.33,-2.2491,0,-5.57035,0.0450268,62.2491,0,5.57035,0.0450268
6.34,-2.30481,0,-5.56461,0.0450268,62.2491,0,5.57035,0.0450268
6.34,-2.30481,0,-5.56461,0.0450268,62.3048,0,5.56461,0.0450268
6.35,-2.36045,0,-5.55887,0.0450268,62.3048,0,5.56461,0.0450268
6.35,-2.36045,0,-5.55887,0.0450268,62.3605,0,5.55887,0.0450268
6.36,-2.41604,0,-5.55315,0.0450268,62.3605,0,5.55887,0.0450268
6.36,-2.41604,0,-5.55315,0.0450268,62.416,0,5.55315,0.0450268
6.37,-2.47157,0,-5.54744,0.0450268,62.416,0,5.55315,0.0450268
6.37,-2.47157,0,-5.54744,0.0450268,62.4716,0,5.54744,0.0450268
6.38,-2.52705,0,-5.54174,0.0450268,62.4716,0,5.54744,0.0450268
6.38,-2.52705,0,-5.54174,0.0450268,62.527,0,5.54174,0.0450268
6.39,-2.58246,0,-5.53605,0.0450268,62.527,0,5.54174,0.0450268
6.39,-2.58246,0,-5.53605,0.0450268,62.5825,0,5.53605,0.0450268
6.4,-2.63782,0,-5.53037,0.0450268,62.5825,0,5.53605,0.0450268
6.4,-2.63782,0,-5.53037,0.0450268,62.6378,0,5.53037,0.0450268
6.41,-2.69313,0,-5.52471,0.0450268,62.6378,0,5.53037,0.0450268
6.41,-2.69313,0,-5.52471,0.0450268,62.6931,0,5.52471,0.0450268
6.42,-2.74838,0,-5.51906,0.0450268,62.6931,0,5.52471,0.0450268
6.42,-2.74838,0,-5.51906,0.0450268,62.7484,0,5.51906,0.0450268
6.43,-2.80357,0,-5.51341,0.0450268,62.7484,0,5.51906,0.0450268
6.43,-2.80357,0,-5.51341,0.0450268,62.8036,0,5.51341,0.0450268
6.44,-2.8587,0,-5.50778,0.0450268,62.8036,0,5.51341,0.0450268
6.44,-2.8587,0,-5.50778,0.0450268,62.8587,0,5.50778,0.0450268
6.45,-2.91378,0,-5.50217,0.0450268,62.8587,0,5.50778,0.0450268
6.45,-2.91378,0,-5.50217,0.0450268,62.9138,0,5.50217,0.0450268
6.46,-2.9688,0,-5.49656,0.0450268,62.9138,0,5.50217,0.0450268
6.46,-2.9688,0,-5.49656,0.0450268,62.9688,0,5.49656,0.0450268
6.47,-3.02377,0,-5.49096,0.0450268,62.9688,0,5.49656,0.0450268
6.47,-3.02377,0,-5.49096,0.0450268,63.0238,0,5.49096,0.0450268
6.48,-3.07867,0,-5.48538,0.0450268,63.0238,0,5.49096,0.0450268
6.48,-3.07867,0,-5.48538,0.0450268,63.0787,0,5.48538,0.0450268
6.49,-3.13353,0,-5.47981,0.0450268,63.0787,0,5.48538,0.0450268
6.49,-3.13353,0,-5.47981,0.0450268,63.1335,0,5.47981,0.0450268
6.5,-3.18833,0,-5.47424,0.0450268,63.1335,0,5.47981,0.0450268
6.5,-3.18833,0,-5.47424,0.0450268,63.1883,0,5.47424,0.0450268
6.51,-3.24307,0,-5.46869,0.0450268,63.1883,0,5.47424,0.0450268
6.51,-3.24307,0,-5.46869,0.0450268,63.2431,0,5.46869,0.0450268
6.52,-3.29776,0,-5.46315,0.0450268,63.2431,0,5.46869,0.0450268
6.52,-3.29776,0,-5.46315,0.0450268,63.2978,0,5.46315,0.0450268
6.53,-3.35239,0,-5.45763,0.0450268,63.2978,0,5.46315,0.0450268
6.53,-3.35239,0,-5.45763,0.0450268,63.3524,0,5.45763,0.0450268
6.54,-3.40696,0,-5.45211,0.0450268,63.3524,0,5.45763,0.0450268
6.54,-3.40696,0,-5.45211,0.0450268,63.407,0,5.45211,0.0450268
6.55,-3.46148,0,-5.4466,0.0450268,63.407,0,5.45211,0.0450268
6.55,-3.46148,0,-5.4466,0.0450268,63.4615,0,5.4466,0.0450268
6.56,-3.51595,0,-5.44111,0.0450268,63.4615,0,5.4466,0.0450268
6.56,-3.51595,0,-5.44111,0.0450268,63.516,0,5.44111,0.0450268
6.57,-3.57036,0,-5.43563,0.0450268,63.516,0,5.44111,0.0450268
6.57,-3.57036,0,-5.43563,0.0450268,63.5704,0,5.43563,0.0450268
6.58,-3.62472,0,-5.43015,0.0450268,63.5704,0,5.43563,0.0450268
6.58,-3.62472,0,-5.43015,0.0450268,63.6247,0,5.43015,0.0450268
6.59,-3.67902,0,-5.42469,0.0450268,63.6247,0,5.43015,0.0450268
6.59,-3.67902,0,-5.42469,0.0450268,63.679,0,5.42469,0.0450268
6.6,-3.73327,0,-5.41924,0.0450268,63.679,0,5.42469,0.0450268
6.6,-3.73327,0,-5.41924,0.0450268,63.7333,0,5.41924,0.0450268
6.61,-3.78746,0,-5.4138,0.0450268,63.7333,0,5.41924,0.0450268
6.61,-3.78746,0,-5.4138,0.0450268,63.7875,0,5.4138,0.0450268
6.62,-3.8416,0,-5.40838,0.0450268,63.7875,0,5.4138,0.0450268
6.62,-3.8416,0,-5.40838,0.0450268,63.8416,0,5.40838,0.0450268
6.63,-3.89568,0,-5.40296,0.0450268,63.8416,0,5.40838,0.0450268
6.63,-3.89568,0,-5.40296,0.0450268,63.8957,0,5.40296,0.0450268
6.64,-3.94971,0,-5.39755,0.0450268,63.8957,0,5.40296,0.0450268
6.64,-3.94971,0,-5.39755,0.0450268,63.9497,0,5.39755,0.0450268
6.65,-4.00369,0,-5.39215,0.0450268,63.9497,0,5.39755,0.0450268
6.65,-4.00369,0,-5.39215,0.0450268,64.0037,0,5.39215,0.0450268
6.66,-4.05761,0,-5.38677,0.0450268,64.0037,0,5.39215,0.0450268
6.66,-4.05761,0,-5.38677,0.0450268,64.0576,0,5.38677,0.0450268
6.67,-4.11148,0,-5.3814,0.0450268,64.0576,0,5.38677,0.0450268
6.67,-4.11148,0,-5.3814,0.0450268,64.1115,0,5.3814,0.0450268
6.68,-4.16529,0,-5.37603,0.0450268,64.1115,0,5.3814,0.0450268
6.68,-4.16529,0,-5.37603,0.0450268,64.1653,0,5.37603,0.0450268
6.69,-4.21905,0,-5.37068,0.0450268,64.1653,0,5.37603,0.0450268
6.69,-4.21905,0,-5.37068,0.0450268,64.219,0,5.37068,0.0450268
6.7,-4.27276,0,-5.36534,0.0450268,64.219,0,5.37068,0.0450268
6.7,-4.27276,0,-5.36534,0.0450268,64.2728,0,5.36534,0.0450268
6.71,-4.32641,0,-5.36,0.0450268,64.2728,0,5.36534,0.0450268
6.71,-4.32641,0,-5.36,0.0450268,64.3264,0,5.36,0.0450268
6.72,-4.38001,0,-5.35468,0.0450268,64.3264,0,5.36,0.0450268
6.72,-4.38001,0,-5.35468,0.0450268,64.38,0,5.35468,0.0450268
6.73,-4.43356,0,-5.34937,0.0450268,64.38,0,5.35468,0.0450268
6.73,-4.43356,0,-5.34937,0.0450268,64.4336,0,5.34937,0.0450268
6.74,-4.48705,0,-5.34407,0.0450268,64.4336,0,5.34937,0.0450268
6.74,-4.48705,0,-5.34407,0.0450268,64.4871,0,5.34407,0.0450268
6.75,-4.54049,0,-5.33878,0.0450268,64.4871,0,5.34407,0.0450268
6.75,-4.54049,0,-5.33878,0.0450268,64.5405,0,5.33878,0.0450268
6.76,-4.59388,0,-5.3335,0.0450268,64.5405,0,5.33878,0.0450268
6.76,-4.59388,0,-5.3335,0.0450268,64.5939,0,5.3335,0.0450268
6.77,-4.64721,0,-5.32824,0.0450268,64.5939,0,5.3335,0.0450268
6.77,-4.64721,0,-5.32824,0.0450268,64.6472,0,5.32824,0.0450268
6.78,-4.7005,0,-5.32298,0.0450268,64.6472,0,5.32824,0.0450268
6.78,-4.7005,0,-5.32298,0.0450268,64.7005,0,5.32298,0.0450268
6.79,-4.75373,0,-5.31773,0.0450268,64.7005,0,5.32298,0.0450268
6.79,-4.75373,0,-5.31773,0.0450268,64.7537,0,5.31773,0.0450268
6.8,-4.8069,0,-5.31249,0.0450268,64.7537,0,5.31773,0.0450268
6.8,-4.8069,0,-5.31249,0.0450268,64.8069,0,5.31249,0.0450268
6.81,-4.86003,0,-5.30727,0.0450268,64.8069,0,5.31249,0.0450268
6.81,-4.86003,0,-5.30727,0.0450268,64.86,0,5.30727,0.0450268
6.82,-4.9131,0,-5.30205,0.0450268,64.86,0,5.30727,0.0450268
6.82,-4.9131,0,-5.30205,0.0450268,64.9131,0,5.30205,0.0450268
6.83,-4.96612,0,-5.29684,0.0450268,64.9131,0,5.30205,0.0450268
6.83,-4.96612,0,-5.29684,0.0450268,64.9661,0,5.29684,0.0450268
6.84,-5.01909,0,-5.29165,0.0450268,64.9661,0,5.29684,0.0450268
6.84,-5.01909,0,-5.29165,0.0450268,65.0191,0,5.29165,0.0450268
6.85,-5.07201,0,-5.28646,0.0450268,65.0191,0,5.29165,0.0450268
6.85,-5.07201,0,-5.28646,0.0450268,65.072,0,5.28646,0.0450268
6.86,-5.12487,0,-5.28128,0.0450268,65.072,0,5.28646,0.0450268
6.86,-5.12487,0,-5.28128,0.0450268,65.1249,0,5.28128,0.0450268
6.87,-5.17768,0,-5.27612,0.0450268,65.1249,0,5.28128,0.0450268
6.87,-5.17768,0,-5.27612,0.0450268,65.1777,0,5.27612,0.0450268
6.88,-5.23045,0,-5.27096,0.0450268,65.1777,0,5.27612,0.0450268
6.88,-5.23045,0,-5.27096,0.0450268,65.2304,0,5.27096,0.0450268
6.89,-5.28315,0,-5.26582,0.0450268,65.2304,0,5.27096,0.0450268
6.89,-5.28315,0,-5.26582,0.0450268,65.2832,0,5.26582,0.0450268
6.9,-5.33581,0,-5.26068,0.0450268,65.2832,0,5.26582,0.0450268
6.9,-5.33581,0,-5.26068,0.0450268,65.3358,0,5.26068,0.0450268
6.91,-5.38842,0,-5.25555,0.0450268,65.3358,0,5.26068,0.0450268
6.91,-5.38842,0,-5.25555,0.0450268,65.3884,0,5.25555,0.0450268
6.92,-5.44098,0,-5.25044,0.0450268,65.3884,0,5.25555,0.0450268
6.92,-5.44098,0,-5.25044,0.0450268,65.441,0,5.25044,0.0450268
6.93,-5.49348,0,-5.24533,0.0450268,65.441,0,5.25044,0.0450268
6.93,-5.49348,0,-5.24533,0.0450268,65.4935,0,5.24533,0.0450268
6.94,-5.54593,0,-5.24024,0.0450268,65.4935,0,5.24533,0.0450268
6.94,-5.54593,0,-5.24024,0.0450268,65.5459,0,5.24024,0.0450268
6.95,-5.59834,0,-5.23515,0.0450268,65.5459,0,5.24024,0.0450268
6.95,-5.59834,0,-5.23515,0.0450268,65.5983,0,5.23515,0.0450268
6.96,-5.65069,0,-5.23007,0.0450268,65.5983,0,5.23515,0.0450268
6.96,-5.65069,0,-5.23007,0.0450268,65.6507,0,5.23007,0.0450268
6.97,-5.70299,0,-5.22501,0.0450268,65.6507,0,5.23007